epoch_ms,api_current,api_voltage_mV,api_temp_C,api_status,api_pct,sys_current_now,sys_voltage_now
1786755521781,-2136875,3966,35.5,DISCHARGING,59,,
1786755524301,-2087187,3966,35.5,DISCHARGING,59,,
1786755526382,-1446562,3966,35.5,DISCHARGING,59,,
1786755528520,-718125,3966,35.5,DISCHARGING,59,,
1786755530681,-1107187,3966,35.5,DISCHARGING,59,,
1786755532850,-1314375,3966,35.5,DISCHARGING,59,,
1786755534980,-1101250,3966,35.5,DISCHARGING,59,,
1786755537145,-1100000,3966,35.5,DISCHARGING,59,,
1786755539309,-1249062,3966,35.5,DISCHARGING,59,,
1786755541434,-1400937,3966,35.5,DISCHARGING,59,,
1786755543584,-1366562,3966,35.5,DISCHARGING,59,,
1786755545746,-1245937,3966,35.5,DISCHARGING,59,,
1786755547904,-1240937,3966,35.5,DISCHARGING,59,,
1786755550069,-1240625,3966,35.5,DISCHARGING,59,,
1786755552223,-1233437,3966,35.5,DISCHARGING,59,,
1786755554381,-1154375,3966,35.5,DISCHARGING,59,,
1786755556526,-970625,3966,35.5,DISCHARGING,59,,
1786755558688,-1285937,3966,35.5,DISCHARGING,59,,
1786755560859,-928437,3966,35.5,DISCHARGING,59,,
1786755563032,-1236562,3966,35.5,DISCHARGING,59,,
1786755565221,-1325312,3966,35.5,DISCHARGING,59,,
1786755567353,-1274062,3966,35.5,DISCHARGING,59,,
1786755569516,-1096250,3966,35.5,DISCHARGING,59,,
1786755571669,-1302187,3966,35.5,DISCHARGING,59,,
1786755573799,-1436875,3966,35.5,DISCHARGING,59,,
1786755575959,-1290625,3966,35.5,DISCHARGING,59,,
1786755578123,-1091875,3966,35.5,DISCHARGING,59,,
1786755580250,-1272812,3966,35.5,DISCHARGING,59,,
1786755582416,-1211562,3966,35.5,DISCHARGING,59,,
1786755584596,-1095000,3966,35.5,DISCHARGING,59,,
1786755586755,-1289375,3966,35.5,DISCHARGING,59,,
1786755588914,-1298750,3966,35.5,DISCHARGING,59,,
1786755591077,-1244687,3966,35.5,DISCHARGING,59,,
1786755593231,-1617187,3966,35.5,DISCHARGING,59,,
1786755595401,-1187812,3966,35.5,DISCHARGING,59,,
1786755597588,-1311875,3966,35.5,DISCHARGING,59,,
1786755599737,-1085937,3966,35.5,DISCHARGING,59,,
1786755601857,-1543750,3966,35.5,DISCHARGING,59,,
1786755604009,-1440937,3966,35.5,DISCHARGING,59,,
1786755606179,-826250,3966,35.5,DISCHARGING,59,,
1786755608355,-1191562,3966,35.5,DISCHARGING,59,,
1786755610532,-1314375,3966,35.5,DISCHARGING,59,,
1786755612684,-1176562,3966,35.5,DISCHARGING,59,,
1786755614848,-1075625,3966,35.5,DISCHARGING,59,,
1786755617002,-1365000,3966,35.5,DISCHARGING,59,,
1786755619177,-918750,3966,35.5,DISCHARGING,59,,
1786755621323,-1477500,3966,35.5,DISCHARGING,59,,
1786755623633,-1145625,3966,35.5,DISCHARGING,59,,
1786755625788,-1288125,3966,35.5,DISCHARGING,59,,
1786755627944,-965312,3966,35.5,DISCHARGING,59,,
1786755630097,-948750,3966,35.5,DISCHARGING,59,,
1786755632239,-1065312,3966,35.5,DISCHARGING,59,,
1786755634379,-1204375,3966,35.5,DISCHARGING,59,,
1786755636559,-1286562,3966,35.5,DISCHARGING,59,,
1786755638710,-1298750,3966,35.5,DISCHARGING,59,,
1786755640886,-1312500,3931,33.9,DISCHARGING,58,,
1786755643051,-1356250,3931,33.9,DISCHARGING,58,,
1786755645164,-1937187,3931,33.9,DISCHARGING,58,,
1786755647586,-2307500,3931,33.9,DISCHARGING,58,,
1786755650666,-1791875,3931,33.9,DISCHARGING,58,,
1786755653168,-2024687,3931,33.9,DISCHARGING,58,,
1786755655871,-2242500,3931,33.9,DISCHARGING,58,,
1786755658288,-2298437,3931,33.9,DISCHARGING,58,,
1786755660534,-2610000,3931,33.9,DISCHARGING,58,,
1786755662886,-2585000,3931,33.9,DISCHARGING,58,,
1786755665211,-1998125,3857,34.0,DISCHARGING,58,,
1786755667547,-1952812,3857,34.0,DISCHARGING,58,,
1786755669908,-1991250,3857,34.0,DISCHARGING,58,,
1786755672289,-2329687,3857,34.0,DISCHARGING,58,,
1786755674648,-1631562,3857,34.0,DISCHARGING,58,,
1786755677035,-1757187,3857,34.0,DISCHARGING,58,,
1786755679414,-2160937,3857,34.0,DISCHARGING,58,,
1786755681793,-1885937,3857,34.0,DISCHARGING,58,,
1786755684174,-1660937,3857,34.0,DISCHARGING,58,,
1786755686576,-1714375,3857,34.0,DISCHARGING,58,,
1786755688960,-1230312,3857,34.0,DISCHARGING,58,,
1786755691375,-1616250,3857,34.0,DISCHARGING,58,,
1786755693724,-832500,3857,34.0,DISCHARGING,58,,
1786755695957,-666250,3929,33.9,DISCHARGING,58,,
1786755698248,-696562,3929,33.9,DISCHARGING,58,,
1786755700593,-666562,3929,33.9,DISCHARGING,58,,
1786755702927,-636875,3929,33.9,DISCHARGING,58,,
1786755705191,-605312,3929,33.9,DISCHARGING,58,,
1786755707487,-654687,3929,33.9,DISCHARGING,58,,
1786755709734,-686250,3929,33.9,DISCHARGING,58,,
1786755711985,-663125,3929,33.9,DISCHARGING,58,,
1786755714237,-818750,3929,33.9,DISCHARGING,58,,
1786755716395,-734375,3929,33.9,DISCHARGING,58,,
1786755718634,-515625,3929,33.9,DISCHARGING,58,,
1786755720873,-1286562,3929,33.9,DISCHARGING,58,,
1786755723074,-885625,3929,33.9,DISCHARGING,58,,
1786755725298,-799687,3929,33.9,DISCHARGING,58,,
1786755727477,-775625,3929,33.9,DISCHARGING,58,,
1786755729690,-986562,3929,33.9,DISCHARGING,58,,
1786755731891,-902812,3929,33.9,DISCHARGING,58,,
1786755734046,-1018750,3929,33.9,DISCHARGING,58,,
1786755736228,-1284062,3929,33.9,DISCHARGING,58,,
1786755738364,-1025625,3929,33.9,DISCHARGING,58,,
1786755740485,-1004375,3929,33.9,DISCHARGING,58,,
1786755742652,-1351250,3929,33.9,DISCHARGING,58,,
1786755744821,-1257187,3929,33.9,DISCHARGING,58,,
1786755746992,-1189062,3929,33.9,DISCHARGING,58,,
1786755749128,-1189375,3929,33.9,DISCHARGING,58,,
1786755751271,-1385625,3929,33.9,DISCHARGING,58,,
1786755753423,-1247812,3929,33.9,DISCHARGING,58,,
1786755755570,-1230000,3929,33.9,DISCHARGING,58,,
1786755757708,-1327500,3929,33.9,DISCHARGING,58,,
1786755759865,-1058750,3929,33.9,DISCHARGING,58,,
1786755762030,-1322187,3929,33.9,DISCHARGING,58,,
1786755764171,-1311562,3929,33.9,DISCHARGING,58,,
1786755766330,-1166562,3929,33.9,DISCHARGING,58,,
1786755768497,-1424375,3929,33.9,DISCHARGING,58,,
1786755770591,-1338750,3929,33.9,DISCHARGING,58,,
1786755772648,-1325625,3929,33.9,DISCHARGING,58,,
1786755774780,-1254062,3929,33.9,DISCHARGING,58,,
1786755776950,-1220312,3929,33.9,DISCHARGING,58,,
1786755779046,-1453437,3929,33.9,DISCHARGING,58,,
1786755781218,-1350625,3929,33.9,DISCHARGING,58,,
1786755783351,-1410000,3929,33.9,DISCHARGING,58,,
1786755785423,-2039062,3929,33.9,DISCHARGING,58,,
1786755787747,-3520937,3929,33.9,DISCHARGING,58,,
1786755790069,-1954375,3929,33.9,DISCHARGING,58,,
1786755792551,-1960625,3878,33.9,DISCHARGING,58,,
1786755794860,-1298750,3878,33.9,DISCHARGING,58,,
1786755797403,-1546562,3878,33.9,DISCHARGING,58,,
1786755799776,-1561875,3878,33.9,DISCHARGING,58,,
1786755802142,-1537812,3878,33.9,DISCHARGING,58,,
1786755804526,-1748125,3878,33.9,DISCHARGING,58,,
1786755807057,-1748750,3878,33.9,DISCHARGING,58,,
1786755809438,-1862500,3878,33.9,DISCHARGING,58,,
1786755811812,-1782187,3878,33.9,DISCHARGING,58,,
1786755814171,-1664375,3878,33.9,DISCHARGING,58,,
1786755816508,-1710312,3878,33.9,DISCHARGING,58,,
1786755819032,-1589375,3840,34.1,DISCHARGING,57,,
1786755821538,-1524687,3840,34.1,DISCHARGING,57,,
1786755824007,-1867812,3840,34.1,DISCHARGING,57,,
1786755826550,-1774687,3840,34.1,DISCHARGING,57,,
1786755829012,-1762187,3840,34.1,DISCHARGING,57,,
1786755831339,-1693125,3840,34.1,DISCHARGING,57,,
1786755834021,-1803125,3840,34.1,DISCHARGING,57,,
1786755836475,-728437,3840,34.1,DISCHARGING,57,,
1786755839449,-850937,3840,34.1,DISCHARGING,57,,
1786755842398,-706562,3840,34.1,DISCHARGING,57,,
1786755845411,-560000,3840,34.1,DISCHARGING,57,,
1786755848393,-624375,3927,34.0,DISCHARGING,57,,
1786755851256,-683125,3927,34.0,DISCHARGING,57,,
1786755854274,-714687,3927,34.0,DISCHARGING,57,,
1786755857270,-553437,3927,34.0,DISCHARGING,57,,
1786755860276,-579375,3927,34.0,DISCHARGING,57,,
1786755863265,-711250,3927,34.0,DISCHARGING,57,,
1786755866269,-657812,3927,34.0,DISCHARGING,57,,
1786755869181,-693125,3927,34.0,DISCHARGING,57,,
1786755872099,-626875,3927,34.0,DISCHARGING,57,,
1786755875104,-3569687,3927,34.0,DISCHARGING,57,,
1786755877313,-1189375,3927,34.0,DISCHARGING,57,,
1786755879369,-1431250,3927,34.0,DISCHARGING,57,,
1786755881501,-1145312,3927,34.0,DISCHARGING,57,,
1786755883646,-1375312,3927,34.0,DISCHARGING,57,,
1786755885809,-2237812,3883,34.2,DISCHARGING,57,,
1786755888310,-1351562,3883,34.2,DISCHARGING,57,,
1786755891067,-2382812,3883,34.2,DISCHARGING,57,,
1786755893830,-1271562,3883,34.2,DISCHARGING,57,,
1786755896625,-781875,3883,34.2,DISCHARGING,57,,
1786755899575,-1135000,3883,34.2,DISCHARGING,57,,
1786755902211,-639375,3883,34.2,DISCHARGING,57,,
1786755904886,-2607500,3883,34.2,DISCHARGING,57,,
1786755907027,-1589687,3883,34.2,DISCHARGING,57,,
1786755909021,-1575312,3883,34.2,DISCHARGING,57,,
1786755911077,-1679062,3883,34.2,DISCHARGING,57,,
1786755913098,-1527500,3883,34.2,DISCHARGING,57,,
1786755915199,-1501562,3883,34.2,DISCHARGING,57,,
1786755917297,-846562,3883,34.2,DISCHARGING,57,,
1786755919373,-1530312,3883,34.2,DISCHARGING,57,,
1786755921453,-1428125,3883,34.2,DISCHARGING,57,,
1786755923613,-1413750,3883,34.2,DISCHARGING,57,,
1786755925757,-1496562,3883,34.2,DISCHARGING,57,,
1786755927816,-2844687,3883,34.2,DISCHARGING,57,,
1786755930168,-2609687,3883,34.2,DISCHARGING,57,,
1786755932506,-2460937,3883,34.2,DISCHARGING,57,,
1786755934795,-2155937,3883,34.2,DISCHARGING,57,,
1786755937115,-2305937,3883,34.2,DISCHARGING,57,,
1786755939463,-2019687,3883,34.2,DISCHARGING,57,,
1786755941811,-1689375,3883,34.2,DISCHARGING,57,,
1786755944167,-2434687,3883,34.2,DISCHARGING,57,,
1786755946520,-2362187,3834,34.6,DISCHARGING,57,,
1786755948880,-1753125,3834,34.6,DISCHARGING,57,,
1786755951197,-2351250,3834,34.6,DISCHARGING,57,,
1786755953536,-2148125,3834,34.6,DISCHARGING,57,,
1786755955908,-1586250,3834,34.6,DISCHARGING,57,,
1786755958326,-1380312,3834,34.6,DISCHARGING,57,,
1786755960731,-1360625,3834,34.6,DISCHARGING,57,,
1786755963175,-1585937,3834,34.6,DISCHARGING,57,,
1786755965611,-1523437,3834,34.6,DISCHARGING,57,,
1786755968020,-1641562,3834,34.6,DISCHARGING,57,,
1786755970381,-637500,3834,34.6,DISCHARGING,57,,
1786755972673,-667500,3834,34.6,DISCHARGING,57,,
1786755974971,-588125,3834,34.6,DISCHARGING,57,,
1786755977294,-506875,3912,34.5,DISCHARGING,57,,
1786755979654,-529062,3916,34.6,DISCHARGING,56,,
1786755982070,-540312,3916,34.6,DISCHARGING,56,,
1786755984451,-665937,3916,34.6,DISCHARGING,56,,
1786755986846,-871562,3916,34.6,DISCHARGING,56,,
1786755989226,-557187,3916,34.6,DISCHARGING,56,,
1786755991561,-545000,3916,34.6,DISCHARGING,56,,
1786755993917,-501875,3916,34.6,DISCHARGING,56,,
1786755996234,-625937,3916,34.6,DISCHARGING,56,,
1786755998547,-650000,3916,34.6,DISCHARGING,56,,
1786756000884,-585937,3916,34.6,DISCHARGING,56,,
1786756003262,-764062,3916,34.6,DISCHARGING,56,,
1786756005516,-678750,3916,34.6,DISCHARGING,56,,
1786756007762,-721250,3916,34.6,DISCHARGING,56,,
1786756010019,-840625,3916,34.6,DISCHARGING,56,,
1786756012264,-722500,3916,34.6,DISCHARGING,56,,
1786756014511,-755000,3916,34.6,DISCHARGING,56,,
1786756016772,-831250,3916,34.6,DISCHARGING,56,,
1786756018971,-856875,3916,34.6,DISCHARGING,56,,
1786756021171,-890312,3916,34.6,DISCHARGING,56,,
1786756023370,-982187,3916,34.6,DISCHARGING,56,,
1786756025498,-1813437,3916,34.6,DISCHARGING,56,,
1786756027711,-826250,3916,34.6,DISCHARGING,56,,
1786756030456,-606875,3916,34.6,DISCHARGING,56,,
1786756033303,-641875,3916,34.6,DISCHARGING,56,,
1786756036292,-474375,3916,34.6,DISCHARGING,56,,
1786756039244,-639062,3916,34.6,DISCHARGING,56,,
1786756042238,-639062,3916,34.6,DISCHARGING,56,,
1786756045264,-687812,3916,34.6,DISCHARGING,56,,
1786756048264,-546562,3916,34.6,DISCHARGING,56,,
1786756051290,-751250,3916,34.6,DISCHARGING,56,,
1786756054254,-561562,3916,34.6,DISCHARGING,56,,
1786756057224,-680625,3916,34.6,DISCHARGING,56,,
1786756060045,-1079062,3916,34.6,DISCHARGING,56,,
1786756062442,-1839062,3916,34.6,DISCHARGING,56,,
1786756064793,-1592812,3916,34.6,DISCHARGING,56,,
1786756067231,-1655000,3916,34.6,DISCHARGING,56,,
1786756069695,-1687812,3916,34.6,DISCHARGING,56,,
1786756072011,-1578750,3916,34.6,DISCHARGING,56,,
1786756074577,-1707500,3916,34.6,DISCHARGING,56,,
1786756077206,-1490937,3916,34.6,DISCHARGING,56,,
1786756079691,-1631250,3838,35.1,DISCHARGING,56,,
1786756082374,-1689375,3838,35.1,DISCHARGING,56,,
1786756084901,-1566250,3838,35.1,DISCHARGING,56,,
1786756087339,-1379687,3838,35.1,DISCHARGING,56,,
1786756089786,-1215000,3838,35.1,DISCHARGING,56,,
1786756092305,-1860937,3838,35.1,DISCHARGING,56,,
1786756094751,-1732812,3838,35.1,DISCHARGING,56,,
1786756097307,-1676562,3838,35.1,DISCHARGING,56,,
1786756099881,-1710625,3838,35.1,DISCHARGING,56,,
1786756102412,-1783750,3838,35.1,DISCHARGING,56,,
1786756104768,-1575312,3838,35.1,DISCHARGING,56,,
1786756107375,-1681562,3838,35.1,DISCHARGING,56,,
1786756109915,-1529375,3838,35.1,DISCHARGING,56,,
1786756112427,-1740625,3838,35.1,DISCHARGING,56,,
1786756114975,-557187,3838,35.1,DISCHARGING,56,,
1786756118035,-552187,3838,35.1,DISCHARGING,56,,
1786756121141,-638750,3838,35.1,DISCHARGING,56,,
1786756124057,-479062,3838,35.1,DISCHARGING,56,,
1786756127140,-586875,3838,35.1,DISCHARGING,56,,
1786756130163,-505312,3893,34.9,DISCHARGING,56,,
1786756133203,-509687,3893,34.9,DISCHARGING,56,,
1786756136233,-700000,3893,34.9,DISCHARGING,56,,
1786756139253,-580937,3893,34.9,DISCHARGING,56,,
1786756141575,-1806875,3893,34.9,DISCHARGING,56,,
1786756143625,-1439687,3893,34.9,DISCHARGING,56,,
1786756145787,-1300312,3893,34.9,DISCHARGING,56,,
1786756147949,-1181562,3893,34.9,DISCHARGING,56,,
1786756150087,-1366562,3893,34.9,DISCHARGING,56,,
1786756152225,-1159062,3893,34.9,DISCHARGING,56,,
1786756154392,-1289687,3893,34.9,DISCHARGING,56,,
1786756156567,-1243437,3893,34.9,DISCHARGING,56,,
1786756158704,-1499375,3893,34.9,DISCHARGING,56,,
1786756160863,-1405625,3893,34.9,DISCHARGING,56,,
1786756163044,-1052812,3893,34.9,DISCHARGING,56,,
1786756165180,-1212812,3893,34.9,DISCHARGING,56,,
1786756167339,-1366875,3893,34.9,DISCHARGING,56,,
1786756169476,-1316250,3893,34.9,DISCHARGING,56,,
1786756171641,-1255937,3893,34.9,DISCHARGING,56,,
1786756173778,-1273437,3893,34.9,DISCHARGING,56,,
1786756175931,-1410312,3893,34.9,DISCHARGING,56,,
1786756178083,-1325000,3893,34.9,DISCHARGING,56,,
1786756180238,-1309375,3893,34.9,DISCHARGING,56,,
1786756182376,-1203437,3893,34.9,DISCHARGING,56,,
1786756184501,-1027812,3893,34.9,DISCHARGING,56,,
1786756186679,-1365937,3893,34.9,DISCHARGING,56,,
1786756188818,-1190000,3893,34.9,DISCHARGING,56,,
1786756190966,-1216250,3893,34.9,DISCHARGING,56,,
1786756193124,-1379062,3893,34.9,DISCHARGING,56,,
1786756195292,-1405625,3893,34.9,DISCHARGING,56,,
1786756197458,-1175312,3893,34.9,DISCHARGING,56,,
1786756199577,-1201250,3893,34.9,DISCHARGING,56,,
1786756201724,-1277187,3893,34.9,DISCHARGING,56,,
1786756203889,-1242500,3893,34.9,DISCHARGING,56,,
1786756205913,-1789687,3893,34.9,DISCHARGING,56,,
1786756208235,-2169687,3893,34.9,DISCHARGING,56,,
1786756210615,-2153125,3893,34.9,DISCHARGING,56,,
1786756213008,-1855937,3893,34.9,DISCHARGING,56,,
1786756215380,-1479062,3893,34.9,DISCHARGING,56,,
1786756217781,-1474062,3893,34.9,DISCHARGING,56,,
1786756220175,-1591562,3829,35.3,DISCHARGING,55,,
1786756222570,-1903750,3829,35.3,DISCHARGING,55,,
1786756224980,-1833750,3829,35.3,DISCHARGING,55,,
1786756227400,-1863750,3829,35.3,DISCHARGING,55,,
1786756229813,-1958750,3829,35.3,DISCHARGING,55,,
1786756232216,-1248437,3829,35.3,DISCHARGING,55,,
1786756234622,-1147187,3829,35.3,DISCHARGING,55,,
1786756237044,-1671250,3829,35.3,DISCHARGING,55,,
1786756239465,-1741250,3829,35.3,DISCHARGING,55,,
1786756241785,-1313750,3829,35.3,DISCHARGING,55,,
1786756244158,-1456875,3829,35.3,DISCHARGING,55,,
1786756246487,-1243750,3829,35.3,DISCHARGING,55,,
1786756248837,-1264062,3829,35.3,DISCHARGING,55,,
1786756251242,-1025312,3829,35.3,DISCHARGING,55,,
1786756253559,-830000,3829,35.3,DISCHARGING,55,,
1786756255965,-563750,3829,35.3,DISCHARGING,55,,
1786756258312,-534687,3829,35.3,DISCHARGING,55,,
1786756260650,-1240937,3829,35.3,DISCHARGING,55,,
1786756262964,-544062,3829,35.3,DISCHARGING,55,,
1786756266020,-616875,3890,35.2,DISCHARGING,55,,
1786756269055,-493750,3890,35.2,DISCHARGING,55,,
1786756272098,-461250,3890,35.2,DISCHARGING,55,,
1786756275133,-534375,3890,35.2,DISCHARGING,55,,
1786756278148,-472187,3890,35.2,DISCHARGING,55,,
1786756281290,-483125,3890,35.2,DISCHARGING,55,,
1786756284331,-392187,3890,35.2,DISCHARGING,55,,
1786756287427,-640000,3890,35.2,DISCHARGING,55,,
1786756290423,-431250,3890,35.2,DISCHARGING,55,,
1786756293510,-480937,3890,35.2,DISCHARGING,55,,
1786756296568,-690000,3890,35.2,DISCHARGING,55,,
1786756299031,-1478437,3890,35.2,DISCHARGING,55,,
1786756301117,-1205937,3890,35.2,DISCHARGING,55,,
1786756303273,-789062,3890,35.2,DISCHARGING,55,,
1786756305433,-1040937,3890,35.2,DISCHARGING,55,,
1786756307602,-1255312,3890,35.2,DISCHARGING,55,,
1786756309767,-1285000,3890,35.2,DISCHARGING,55,,
1786756311912,-1213125,3890,35.2,DISCHARGING,55,,
1786756314073,-995625,3890,35.2,DISCHARGING,55,,
1786756316200,-1359062,3890,35.2,DISCHARGING,55,,
1786756318341,-1304687,3890,35.2,DISCHARGING,55,,
1786756320523,-1425625,3890,35.2,DISCHARGING,55,,
1786756322649,-1393437,3890,35.2,DISCHARGING,55,,
1786756324782,-1289687,3890,35.2,DISCHARGING,55,,
1786756326952,-1334687,3890,35.2,DISCHARGING,55,,
1786756329092,-1301250,3890,35.2,DISCHARGING,55,,
1786756331245,-1753750,3890,35.2,DISCHARGING,55,,
1786756333168,-780937,3890,35.2,DISCHARGING,55,,
1786756335313,-1083750,3890,35.2,DISCHARGING,55,,
1786756337465,-1333125,3890,35.2,DISCHARGING,55,,
1786756339568,-1253750,3890,35.2,DISCHARGING,55,,
1786756341741,-1340625,3890,35.2,DISCHARGING,55,,
1786756343891,-1316250,3890,35.2,DISCHARGING,55,,
1786756345972,-4250312,3721,35.2,DISCHARGING,55,,
1786756349180,-3191562,3721,35.2,DISCHARGING,55,,
1786756352467,-2843437,3721,35.2,DISCHARGING,55,,
1786756356534,-2872812,3721,35.2,DISCHARGING,55,,
1786756360490,-2268750,3721,35.2,DISCHARGING,55,,
1786756364121,-2147187,3721,35.2,DISCHARGING,55,,
1786756367948,-988437,3787,34.6,DISCHARGING,54,,
1786756370727,-1150937,3787,34.6,DISCHARGING,54,,
1786756372911,-1055625,3787,34.6,DISCHARGING,54,,
1786756375107,-1095312,3787,34.6,DISCHARGING,54,,
1786756377326,-827500,3787,34.6,DISCHARGING,54,,
1786756379569,-741562,3787,34.6,DISCHARGING,54,,
1786756381839,-650312,3787,34.6,DISCHARGING,54,,
1786756384077,-813750,3787,34.6,DISCHARGING,54,,
1786756386322,-672500,3787,34.6,DISCHARGING,54,,
1786756388559,-970000,3872,33.8,DISCHARGING,54,,
1786756390781,-842812,3872,33.8,DISCHARGING,54,,
1786756392995,-870312,3872,33.8,DISCHARGING,54,,
1786756395182,-828125,3872,33.8,DISCHARGING,54,,
1786756397348,-854687,3872,33.8,DISCHARGING,54,,
1786756399551,-813125,3872,33.8,DISCHARGING,54,,
1786756401753,-709375,3872,33.8,DISCHARGING,54,,
1786756403960,-975312,3872,33.8,DISCHARGING,54,,
1786756406139,-1024062,3872,33.8,DISCHARGING,54,,
1786756408328,-1008750,3872,33.8,DISCHARGING,54,,
1786756410532,-939687,3872,33.8,DISCHARGING,54,,
1786756412742,-967812,3872,33.8,DISCHARGING,54,,
1786756414921,-956562,3872,33.8,DISCHARGING,54,,
1786756417114,-1375625,3872,33.8,DISCHARGING,54,,
1786756419097,-878125,3872,33.8,DISCHARGING,54,,
1786756421939,-900000,3872,33.8,DISCHARGING,54,,
1786756424741,-577500,3872,33.8,DISCHARGING,54,,
1786756427778,-643437,3872,33.8,DISCHARGING,54,,
1786756430750,-609375,3872,33.8,DISCHARGING,54,,
1786756433689,-683437,3872,33.8,DISCHARGING,54,,
1786756436678,-586250,3872,33.8,DISCHARGING,54,,
1786756439475,-715312,3872,33.8,DISCHARGING,54,,
1786756442231,-585625,3872,33.8,DISCHARGING,54,,
1786756445201,-668437,3872,33.8,DISCHARGING,54,,
1786756448238,-599062,3872,33.8,DISCHARGING,54,,
1786756451195,-649062,3872,33.8,DISCHARGING,54,,
1786756454201,-650312,3872,33.8,DISCHARGING,54,,
1786756457243,-666875,3872,33.8,DISCHARGING,54,,
1786756460171,-760000,3872,33.8,DISCHARGING,54,,
1786756462502,-3165937,3872,33.8,DISCHARGING,54,,
1786756469252,-2123750,3872,33.8,DISCHARGING,54,,
1786756476010,-2269375,3751,33.6,DISCHARGING,54,,
1786756482726,-818437,3751,33.6,DISCHARGING,54,,
1786756485510,-720937,3751,33.6,DISCHARGING,54,,
1786756488504,-716250,3751,33.6,DISCHARGING,54,,
1786756491541,-495937,3751,33.6,DISCHARGING,54,,
1786756494653,-504062,3751,33.6,DISCHARGING,54,,
1786756497619,-584375,3893,33.2,DISCHARGING,54,,
1786756500649,-417812,3893,33.2,DISCHARGING,54,,
1786756503678,-659687,3893,33.2,DISCHARGING,54,,
1786756506626,-642187,3893,33.2,DISCHARGING,54,,
1786756509583,-669062,3893,33.2,DISCHARGING,54,,
1786756512540,-597812,3893,33.2,DISCHARGING,54,,
1786756515553,-701562,3893,33.2,DISCHARGING,54,,
1786756518567,-636875,3893,33.2,DISCHARGING,54,,
1786756521619,-705625,3893,33.2,DISCHARGING,54,,
1786756524614,-613125,3893,33.2,DISCHARGING,54,,
1786756527544,-502187,3893,33.2,DISCHARGING,54,,
1786756530527,-2305625,3893,33.2,DISCHARGING,54,,
1786756532938,-3020937,3893,33.2,DISCHARGING,54,,
1786756534940,-1430000,3893,33.2,DISCHARGING,54,,
1786756537046,-1168437,3893,33.2,DISCHARGING,54,,
1786756539151,-1400937,3893,33.2,DISCHARGING,54,,
1786756541256,-1239375,3893,33.2,DISCHARGING,54,,
1786756543559,-1324375,3893,33.2,DISCHARGING,54,,
1786756545717,-1424375,3893,33.2,DISCHARGING,54,,
1786756547880,-1388437,3893,33.2,DISCHARGING,54,,
1786756550009,-1246250,3893,33.2,DISCHARGING,54,,
1786756552164,-951875,3893,33.2,DISCHARGING,54,,
1786756554322,-1306562,3893,33.2,DISCHARGING,54,,
1786756556492,-1318437,3893,33.2,DISCHARGING,54,,
1786756558629,-1221562,3893,33.2,DISCHARGING,54,,
1786756560764,-1226250,3893,33.2,DISCHARGING,54,,
1786756562769,-1186875,3893,33.2,DISCHARGING,54,,
1786756564887,-1218750,3893,33.2,DISCHARGING,54,,
1786756567047,-1326875,3893,33.2,DISCHARGING,54,,
1786756569184,-1282500,3893,33.2,DISCHARGING,54,,
1786756571347,-1217812,3893,33.2,DISCHARGING,54,,
1786756573500,-1591875,3893,33.2,DISCHARGING,54,,
1786756575584,-3914375,3682,32.9,DISCHARGING,54,,
1786756578729,-2955000,3682,32.9,DISCHARGING,54,,
1786756581683,-3039062,3682,32.9,DISCHARGING,54,,
1786756584854,-2093437,3682,32.9,DISCHARGING,54,,
1786756588110,-2357187,3682,32.9,DISCHARGING,54,,
1786756591678,-2325000,3682,32.9,DISCHARGING,54,,
1786756595013,-2005000,3682,32.9,DISCHARGING,54,,
1786756597880,-1598125,3682,32.9,DISCHARGING,54,,
1786756600016,-1399375,3872,32.6,DISCHARGING,54,,
1786756602192,-1400625,3872,32.6,DISCHARGING,54,,
1786756604349,-1534375,3872,32.6,DISCHARGING,54,,
1786756606490,-1294062,3872,32.6,DISCHARGING,54,,
1786756608685,-1468125,3872,32.6,DISCHARGING,54,,
1786756610834,-1358125,3872,32.6,DISCHARGING,54,,
1786756612987,-1036875,3872,32.6,DISCHARGING,54,,
1786756615135,-1350937,3872,32.6,DISCHARGING,54,,
1786756617309,-1265625,3870,32.7,DISCHARGING,53,,
1786756619459,-1358125,3870,32.7,DISCHARGING,53,,
1786756621617,-1207500,3870,32.7,DISCHARGING,53,,
1786756623756,-1004375,3870,32.7,DISCHARGING,53,,
1786756625921,-1378125,3870,32.7,DISCHARGING,53,,
1786756628066,-1197500,3870,32.7,DISCHARGING,53,,
1786756630222,-830625,3870,32.7,DISCHARGING,53,,
1786756632394,-1445312,3870,32.7,DISCHARGING,53,,
1786756634505,-1303437,3870,32.7,DISCHARGING,53,,
1786756636608,-1315625,3870,32.7,DISCHARGING,53,,
1786756638778,-1316562,3870,32.7,DISCHARGING,53,,
1786756640921,-1342812,3870,32.7,DISCHARGING,53,,
1786756643093,-1029062,3870,32.7,DISCHARGING,53,,
1786756645246,-1278437,3870,32.7,DISCHARGING,53,,
1786756647363,-1357187,3870,32.7,DISCHARGING,53,,
1786756649520,-1427812,3870,32.7,DISCHARGING,53,,
1786756651657,-542500,3870,32.7,DISCHARGING,53,,
1786756653790,-1020937,3870,32.7,DISCHARGING,53,,
1786756656379,-686250,3870,32.7,DISCHARGING,53,,
1786756659228,-705625,3870,32.7,DISCHARGING,53,,
1786756662236,-798437,3870,32.7,DISCHARGING,53,,
1786756665254,-521875,3870,32.7,DISCHARGING,53,,
1786756668260,-370000,3870,32.7,DISCHARGING,53,,
1786756671224,-510937,3870,32.7,DISCHARGING,53,,
1786756674257,-634375,3870,32.7,DISCHARGING,53,,
1786756677240,-706875,3870,32.7,DISCHARGING,53,,
1786756680245,-612187,3870,32.7,DISCHARGING,53,,
1786756683274,-707187,3870,32.7,DISCHARGING,53,,
1786756686306,-591250,3870,32.7,DISCHARGING,53,,
1786756688558,-3262187,3736,32.8,DISCHARGING,53,,
1786756693515,-3261250,3736,32.8,DISCHARGING,53,,
1786756699816,-2355000,3736,32.8,DISCHARGING,53,,
1786756705793,-2401562,3736,32.8,DISCHARGING,53,,
1786756711804,-862812,3736,32.8,DISCHARGING,53,,
1786756714800,-646250,3872,32.4,DISCHARGING,53,,
1786756717763,-699375,3872,32.4,DISCHARGING,53,,
1786756720698,-521562,3872,32.4,DISCHARGING,53,,
1786756723593,-434375,3872,32.4,DISCHARGING,53,,
1786756726661,-660625,3872,32.4,DISCHARGING,53,,
1786756729673,-724687,3872,32.4,DISCHARGING,53,,
1786756732654,-442812,3872,32.4,DISCHARGING,53,,
1786756735615,-724375,3872,32.4,DISCHARGING,53,,
1786756738754,-599062,3872,32.4,DISCHARGING,53,,
1786756741612,-696562,3872,32.4,DISCHARGING,53,,
1786756744688,-632187,3872,32.4,DISCHARGING,53,,
1786756747696,-774375,3872,32.4,DISCHARGING,53,,
1786756750589,-537812,3872,32.4,DISCHARGING,53,,
1786756753564,-363750,3872,32.4,DISCHARGING,53,,
1786756756577,-540625,3872,32.4,DISCHARGING,53,,
1786756759527,-738750,3872,32.4,DISCHARGING,53,,
1786756762511,-564687,3872,32.4,DISCHARGING,53,,
1786756765474,-632812,3872,32.4,DISCHARGING,53,,
1786756768492,-497187,3872,32.4,DISCHARGING,53,,
1786756771453,-614062,3872,32.4,DISCHARGING,53,,
1786756774463,-663437,3872,32.4,DISCHARGING,53,,
1786756777464,-711875,3872,32.4,DISCHARGING,53,,
1786756780437,-572500,3872,32.4,DISCHARGING,53,,
1786756783454,-645625,3872,32.4,DISCHARGING,53,,
1786756786425,-469375,3892,32.1,DISCHARGING,52,,
1786756789312,-606562,3892,32.1,DISCHARGING,52,,
1786756792255,-662187,3892,32.1,DISCHARGING,52,,
1786756795167,-549375,3892,32.1,DISCHARGING,52,,
1786756798160,-504375,3892,32.1,DISCHARGING,52,,
1786756801112,-980937,3892,32.1,DISCHARGING,52,,
1786756803877,-3120625,3892,32.1,DISCHARGING,52,,
1786756810725,-2690000,3892,32.1,DISCHARGING,52,,
1786756817370,-2207500,3892,32.1,DISCHARGING,52,,
1786756823969,-1018750,3803,32.2,DISCHARGING,52,,
1786756826837,-765625,3803,32.2,DISCHARGING,52,,
1786756829775,-566875,3803,32.2,DISCHARGING,52,,
1786756832688,-678125,3803,32.2,DISCHARGING,52,,
1786756835689,-608437,3803,32.2,DISCHARGING,52,,
1786756838564,-690625,3803,32.2,DISCHARGING,52,,
1786756841606,-576562,3803,32.2,DISCHARGING,52,,
1786756844590,-582500,3803,32.2,DISCHARGING,52,,
1786756847560,-564062,3803,32.2,DISCHARGING,52,,
1786756850544,-691250,3878,31.9,DISCHARGING,52,,
1786756853358,-1592500,3878,31.9,DISCHARGING,52,,
1786756856037,-1558125,3878,31.9,DISCHARGING,52,,
1786756858869,-591875,3878,31.9,DISCHARGING,52,,
1786756861936,-546562,3878,31.9,DISCHARGING,52,,
1786756864947,-725625,3878,31.9,DISCHARGING,52,,
1786756867887,-597187,3878,31.9,DISCHARGING,52,,
1786756870784,-588125,3878,31.9,DISCHARGING,52,,
1786756873834,-748125,3878,31.9,DISCHARGING,52,,
1786756876851,-547187,3878,31.9,DISCHARGING,52,,
1786756879892,-616875,3878,31.9,DISCHARGING,52,,
1786756882912,-529375,3878,31.9,DISCHARGING,52,,
1786756885879,-551250,3878,31.9,DISCHARGING,52,,
1786756888862,-658750,3878,31.9,DISCHARGING,52,,
1786756891798,-637500,3878,31.9,DISCHARGING,52,,
1786756894829,-660937,3878,31.9,DISCHARGING,52,,
1786756897809,-655625,3878,31.9,DISCHARGING,52,,
1786756900762,-766875,3878,31.9,DISCHARGING,52,,
1786756903762,-563437,3878,31.9,DISCHARGING,52,,
1786756906728,-300937,3878,31.9,DISCHARGING,52,,
1786756909765,-605312,3878,31.9,DISCHARGING,52,,
1786756912691,-580625,3878,31.9,DISCHARGING,52,,
1786756915510,-1051875,3878,31.9,DISCHARGING,52,,
1786756917963,-2950625,3878,31.9,DISCHARGING,52,,
1786756921547,-2825937,3878,31.9,DISCHARGING,52,,
1786756925247,-2355312,3878,31.9,DISCHARGING,52,,
1786756930601,-2058750,3878,31.9,DISCHARGING,52,,
1786756934256,-1982812,3878,31.9,DISCHARGING,52,,
1786756938922,-2586875,3749,32.1,DISCHARGING,52,,
1786756942406,-2234687,3749,32.1,DISCHARGING,52,,
1786756945916,-2471562,3749,32.1,DISCHARGING,52,,
1786756949602,-1466250,3749,32.1,DISCHARGING,52,,
1786756952435,-940625,3856,31.9,DISCHARGING,51,,
1786756955391,-765312,3856,31.9,DISCHARGING,51,,
1786756958437,-633750,3856,31.9,DISCHARGING,51,,
1786756961460,-635625,3856,31.9,DISCHARGING,51,,
1786756964440,-735000,3856,31.9,DISCHARGING,51,,
1786756967402,-533750,3856,31.9,DISCHARGING,51,,
1786756970247,-644687,3856,31.9,DISCHARGING,51,,
1786756973281,-634062,3856,31.9,DISCHARGING,51,,
1786756976313,-558750,3856,31.9,DISCHARGING,51,,
1786756979374,-747812,3856,31.9,DISCHARGING,51,,
1786756982388,-693437,3856,31.9,DISCHARGING,51,,
1786756985370,-641250,3856,31.9,DISCHARGING,51,,
1786756988391,-701250,3856,31.9,DISCHARGING,51,,
1786756991190,-713437,3856,31.9,DISCHARGING,51,,
1786756994111,-689062,3856,31.9,DISCHARGING,51,,
1786756997129,-643125,3856,31.9,DISCHARGING,51,,
1786757000062,-476875,3856,31.9,DISCHARGING,51,,
1786757002876,-454375,3856,31.9,DISCHARGING,51,,
1786757005940,-633437,3856,31.9,DISCHARGING,51,,
1786757008935,-487500,3856,31.9,DISCHARGING,51,,
1786757011849,-661250,3856,31.9,DISCHARGING,51,,
1786757014705,-616875,3856,31.9,DISCHARGING,51,,
1786757017580,-611875,3856,31.9,DISCHARGING,51,,
1786757020690,-657812,3856,31.9,DISCHARGING,51,,
1786757023309,-1447187,3856,31.9,DISCHARGING,51,,
1786757025208,-1441250,3856,31.9,DISCHARGING,51,,
1786757027344,-1431250,3856,31.9,DISCHARGING,51,,
1786757029463,-1327500,3856,31.9,DISCHARGING,51,,
1786757031624,-923750,3856,31.9,DISCHARGING,51,,
1786757033789,-1204375,3856,31.9,DISCHARGING,51,,
1786757035922,-1411562,3856,31.9,DISCHARGING,51,,
1786757038076,-1447500,3856,31.9,DISCHARGING,51,,
1786757040237,-1366562,3856,31.9,DISCHARGING,51,,
1786757042339,-4056250,3800,32.1,DISCHARGING,51,,
1786757045831,-3057812,3676,33.1,DISCHARGING,51,,
1786757049865,-2515625,3676,33.1,DISCHARGING,51,,
1786757054612,-2712812,3676,33.1,DISCHARGING,51,,
1786757060050,-2185937,3676,33.1,DISCHARGING,51,,
1786757066502,-2241250,3733,33.0,DISCHARGING,51,,
1786757072325,-1148437,3733,33.0,DISCHARGING,51,,
1786757074613,-1321250,3733,33.0,DISCHARGING,51,,
1786757077002,-651562,3733,33.0,DISCHARGING,51,,
1786757079294,-1073750,3733,33.0,DISCHARGING,51,,
1786757081393,-1026250,3733,33.0,DISCHARGING,51,,
1786757083538,-1089375,3733,33.0,DISCHARGING,51,,
1786757085714,-940000,3858,32.5,DISCHARGING,51,,
1786757087946,-878750,3858,32.5,DISCHARGING,51,,
1786757090141,-934687,3858,32.5,DISCHARGING,51,,
1786757092327,-1137187,3858,32.5,DISCHARGING,51,,
1786757094515,-1020312,3858,32.5,DISCHARGING,51,,
1786757096747,-928750,3858,32.5,DISCHARGING,51,,
1786757098955,-1177500,3858,32.5,DISCHARGING,51,,
1786757101097,-970625,3858,32.5,DISCHARGING,51,,
1786757103292,-1025625,3858,32.5,DISCHARGING,51,,
1786757105499,-1165000,3858,32.5,DISCHARGING,51,,
1786757107644,-1324687,3858,32.5,DISCHARGING,51,,
1786757109773,-1066562,3858,32.5,DISCHARGING,51,,
1786757111952,-1270312,3858,32.5,DISCHARGING,51,,
1786757114086,-1300625,3858,32.5,DISCHARGING,51,,
1786757116216,-1280000,3858,32.5,DISCHARGING,51,,
1786757118381,-1483750,3858,32.5,DISCHARGING,51,,
1786757120535,-1306250,3858,32.5,DISCHARGING,51,,
1786757122692,-1410000,3858,32.5,DISCHARGING,51,,
1786757124854,-1278125,3858,32.5,DISCHARGING,51,,
1786757126998,-1355312,3858,32.5,DISCHARGING,51,,
1786757129148,-1271875,3858,32.5,DISCHARGING,51,,
1786757131309,-1325000,3858,32.5,DISCHARGING,51,,
1786757133454,-1299687,3858,32.5,DISCHARGING,51,,
1786757135605,-1298125,3858,32.5,DISCHARGING,51,,
1786757137764,-1468437,3858,32.5,DISCHARGING,51,,
1786757139900,-1245937,3858,32.5,DISCHARGING,51,,
1786757142072,-1310312,3858,32.5,DISCHARGING,51,,
1786757144229,-1222500,3816,32.6,DISCHARGING,50,,
1786757146230,-1165937,3816,32.6,DISCHARGING,50,,
1786757148384,-1200312,3816,32.6,DISCHARGING,50,,
1786757150530,-1175937,3816,32.6,DISCHARGING,50,,
1786757152693,-1342187,3816,32.6,DISCHARGING,50,,
1786757154859,-1131250,3816,32.6,DISCHARGING,50,,
1786757157019,-1203125,3816,32.6,DISCHARGING,50,,
1786757159183,-1409687,3816,32.6,DISCHARGING,50,,
1786757161350,-1093125,3816,32.6,DISCHARGING,50,,
1786757163468,-1674062,3816,32.6,DISCHARGING,50,,
1786757165572,-3461875,3701,32.7,DISCHARGING,50,,
1786757169264,-3209375,3701,32.7,DISCHARGING,50,,
1786757173518,-3095312,3701,32.7,DISCHARGING,50,,
1786757177748,-2933437,3701,32.7,DISCHARGING,50,,
1786757181211,-2599687,3701,32.7,DISCHARGING,50,,
1786757184555,-2871875,3701,32.7,DISCHARGING,50,,
1786757188427,-2632500,3701,32.7,DISCHARGING,50,,
1786757193091,-2293750,3743,33.1,DISCHARGING,50,,
1786757195571,-1094062,3743,33.1,DISCHARGING,50,,
1786757197732,-1410000,3743,33.1,DISCHARGING,50,,
1786757199937,-670937,3743,33.1,DISCHARGING,50,,
1786757202919,-570000,3743,33.1,DISCHARGING,50,,
1786757205918,-581250,3743,33.1,DISCHARGING,50,,
1786757209025,-492187,3743,33.1,DISCHARGING,50,,
1786757212137,-486562,3743,33.1,DISCHARGING,50,,
1786757215166,-339062,3743,33.1,DISCHARGING,50,,
1786757218233,-670312,3863,32.6,DISCHARGING,50,,
1786757221180,-635000,3863,32.6,DISCHARGING,50,,
1786757224226,-635000,3863,32.6,DISCHARGING,50,,
1786757227118,-724062,3863,32.6,DISCHARGING,50,,
1786757230045,-634687,3863,32.6,DISCHARGING,50,,
1786757232940,-693125,3863,32.6,DISCHARGING,50,,
1786757236018,-848125,3863,32.6,DISCHARGING,50,,
1786757238883,-444687,3863,32.6,DISCHARGING,50,,
1786757241821,-686562,3863,32.6,DISCHARGING,50,,
1786757244730,-386875,3863,32.6,DISCHARGING,50,,
1786757247707,-403750,3863,32.6,DISCHARGING,50,,
1786757250730,-416875,3863,32.6,DISCHARGING,50,,
1786757253732,-603125,3863,32.6,DISCHARGING,50,,
1786757256710,-467812,3863,32.6,DISCHARGING,50,,
1786757259526,-498750,3863,32.6,DISCHARGING,50,,
1786757262511,-743750,3863,32.6,DISCHARGING,50,,
1786757265523,-528750,3863,32.6,DISCHARGING,50,,
1786757268360,-645000,3863,32.6,DISCHARGING,50,,
1786757271331,-652812,3863,32.6,DISCHARGING,50,,
1786757274244,-757812,3863,32.6,DISCHARGING,50,,
1786757277181,-440625,3863,32.6,DISCHARGING,50,,
1786757280094,-625625,3863,32.6,DISCHARGING,50,,
1786757282957,-685312,3863,32.6,DISCHARGING,50,,
1786757285708,-1016562,3863,32.6,DISCHARGING,50,,
1786757287906,-2978437,3863,32.6,DISCHARGING,50,,
1786757291443,-2953125,3685,33.0,DISCHARGING,50,,
1786757294203,-2663437,3685,33.0,DISCHARGING,50,,
1786757298020,-2596562,3685,33.0,DISCHARGING,50,,
1786757302511,-1967500,3685,33.0,DISCHARGING,50,,
1786757305348,-1842500,3685,33.0,DISCHARGING,50,,
1786757309410,-2544062,3685,33.0,DISCHARGING,50,,
1786757312653,-1983750,3737,32.9,DISCHARGING,50,,
1786757315812,-1912812,3737,32.9,DISCHARGING,50,,
1786757319289,-1496875,3737,32.9,DISCHARGING,50,,
1786757321933,-755937,3737,32.9,DISCHARGING,50,,
1786757324960,-622812,3737,32.9,DISCHARGING,50,,
1786757327937,-689062,3848,32.5,DISCHARGING,49,,
1786757330876,-884687,3848,32.5,DISCHARGING,49,,
1786757333793,-513125,3848,32.5,DISCHARGING,49,,
1786757336781,-681875,3848,32.5,DISCHARGING,49,,
1786757339717,-593437,3848,32.5,DISCHARGING,49,,
1786757342788,-671250,3848,32.5,DISCHARGING,49,,
1786757345659,-684062,3848,32.5,DISCHARGING,49,,
1786757348747,-743750,3848,32.5,DISCHARGING,49,,
1786757351621,-696875,3848,32.5,DISCHARGING,49,,
1786757354600,-610000,3848,32.5,DISCHARGING,49,,
1786757357538,-545000,3848,32.5,DISCHARGING,49,,
1786757360537,-585000,3848,32.5,DISCHARGING,49,,
1786757363522,-649375,3848,32.5,DISCHARGING,49,,
1786757366542,-564687,3848,32.5,DISCHARGING,49,,
1786757369528,-546250,3848,32.5,DISCHARGING,49,,
1786757372473,-581562,3848,32.5,DISCHARGING,49,,
1786757375456,-534687,3848,32.5,DISCHARGING,49,,
1786757378501,-543125,3848,32.5,DISCHARGING,49,,
1786757381540,-565625,3848,32.5,DISCHARGING,49,,
1786757384713,-644375,3848,32.5,DISCHARGING,49,,
1786757387750,-715937,3848,32.5,DISCHARGING,49,,
1786757390636,-695312,3848,32.5,DISCHARGING,49,,
1786757393527,-427812,3848,32.5,DISCHARGING,49,,
1786757396524,-667500,3848,32.5,DISCHARGING,49,,
1786757399540,-887500,3848,32.5,DISCHARGING,49,,
1786757402633,-653437,3848,32.5,DISCHARGING,49,,
1786757405556,-613750,3848,32.5,DISCHARGING,49,,
1786757408626,-691875,3848,32.5,DISCHARGING,49,,
1786757411521,-1021562,3848,32.5,DISCHARGING,49,,
1786757414483,-3099375,3848,32.5,DISCHARGING,49,,
1786757418447,-2583437,3848,32.5,DISCHARGING,49,,
1786757421855,-2903437,3848,32.5,DISCHARGING,49,,
1786757424664,-1991562,3848,32.5,DISCHARGING,49,,
1786757429259,-2455312,3848,32.5,DISCHARGING,49,,
1786757433410,-2099062,3848,32.5,DISCHARGING,49,,
1786757438085,-2090625,3729,32.6,DISCHARGING,49,,
1786757442029,-1820312,3729,32.6,DISCHARGING,49,,
1786757446558,-840000,3729,32.6,DISCHARGING,49,,
1786757449409,-486875,3729,32.6,DISCHARGING,49,,
1786757452429,-568125,3729,32.6,DISCHARGING,49,,
1786757455409,-548750,3729,32.6,DISCHARGING,49,,
1786757458503,-584375,3729,32.6,DISCHARGING,49,,
1786757461472,-587812,3729,32.6,DISCHARGING,49,,
1786757464562,-447187,3729,32.6,DISCHARGING,49,,
1786757467622,-668750,3840,32.4,DISCHARGING,49,,
1786757470664,-625000,3840,32.4,DISCHARGING,49,,
1786757473606,-601562,3840,32.4,DISCHARGING,49,,
1786757476622,-637187,3840,32.4,DISCHARGING,49,,
1786757479586,-682812,3840,32.4,DISCHARGING,49,,
1786757482544,-660625,3840,32.4,DISCHARGING,49,,
1786757485548,-530312,3840,32.4,DISCHARGING,49,,
1786757488322,-650000,3856,32.3,DISCHARGING,48,,
1786757491296,-524375,3856,32.3,DISCHARGING,48,,
1786757494357,-364375,3856,32.3,DISCHARGING,48,,
1786757497275,-553437,3856,32.3,DISCHARGING,48,,
1786757500183,-603125,3856,32.3,DISCHARGING,48,,
1786757503069,-588125,3856,32.3,DISCHARGING,48,,
1786757506079,-736875,3856,32.3,DISCHARGING,48,,
1786757509071,-735000,3856,32.3,DISCHARGING,48,,
1786757512033,-537812,3856,32.3,DISCHARGING,48,,
1786757514967,-427187,3856,32.3,DISCHARGING,48,,
1786757517953,-641250,3856,32.3,DISCHARGING,48,,
1786757520910,-632812,3856,32.3,DISCHARGING,48,,
1786757523894,-357187,3856,32.3,DISCHARGING,48,,
1786757526829,-571562,3856,32.3,DISCHARGING,48,,
1786757529753,-572187,3856,32.3,DISCHARGING,48,,
1786757532783,-551250,3856,32.3,DISCHARGING,48,,
1786757535781,-722500,3856,32.3,DISCHARGING,48,,
1786757538425,-1435625,3856,32.3,DISCHARGING,48,,
1786757541005,-3388437,3856,32.3,DISCHARGING,48,,
1786757549298,-2583125,3856,32.3,DISCHARGING,48,,
1786757556564,-2145625,3702,32.7,DISCHARGING,48,,
1786757563767,-2283437,3702,32.7,DISCHARGING,48,,
1786757571319,-2561562,3702,32.7,DISCHARGING,48,,
1786757576576,-677500,3829,32.5,DISCHARGING,48,,
1786757579658,-930000,3829,32.5,DISCHARGING,48,,
1786757582549,-480937,3829,32.5,DISCHARGING,48,,
1786757585669,-610937,3829,32.5,DISCHARGING,48,,
1786757588789,-562500,3829,32.5,DISCHARGING,48,,
1786757591821,-516562,3829,32.5,DISCHARGING,48,,
1786757594860,-475937,3829,32.5,DISCHARGING,48,,
1786757597829,-549687,3829,32.5,DISCHARGING,48,,
1786757600579,-479375,3829,32.5,DISCHARGING,48,,
1786757603491,-730000,3829,32.5,DISCHARGING,48,,
1786757606432,-605937,3829,32.5,DISCHARGING,48,,
1786757609448,-705937,3829,32.5,DISCHARGING,48,,
1786757612346,-705000,3829,32.5,DISCHARGING,48,,
1786757615385,-526875,3829,32.5,DISCHARGING,48,,
1786757618415,-493437,3829,32.5,DISCHARGING,48,,
1786757621336,-459375,3829,32.5,DISCHARGING,48,,
1786757624354,-695937,3829,32.5,DISCHARGING,48,,
1786757627370,-609062,3829,32.5,DISCHARGING,48,,
1786757630349,-631562,3829,32.5,DISCHARGING,48,,
1786757633332,-662500,3829,32.5,DISCHARGING,48,,
1786757636257,-661875,3829,32.5,DISCHARGING,48,,
1786757639237,-619375,3829,32.5,DISCHARGING,48,,
1786757642208,-559687,3829,32.5,DISCHARGING,48,,
1786757645252,-500625,3829,32.5,DISCHARGING,48,,
1786757648242,-658125,3829,32.5,DISCHARGING,48,,
1786757651208,-609062,3829,32.5,DISCHARGING,48,,
1786757654088,-619062,3829,32.5,DISCHARGING,48,,
1786757657009,-674062,3829,32.5,DISCHARGING,48,,
1786757660030,-694375,3829,32.5,DISCHARGING,48,,
1786757662986,-636250,3829,32.5,DISCHARGING,48,,
1786757665922,-924375,3829,32.5,DISCHARGING,48,,
1786757668838,-577500,3829,32.5,DISCHARGING,48,,
1786757671904,-585937,3829,32.5,DISCHARGING,48,,
1786757674819,-510000,3829,32.5,DISCHARGING,48,,
1786757677872,-472187,3829,32.5,DISCHARGING,48,,
1786757680639,-3351250,3829,32.5,DISCHARGING,48,,
1786757682491,-1430937,3829,32.5,DISCHARGING,48,,
1786757684485,-1772187,3829,32.5,DISCHARGING,48,,
1786757686484,-2125625,3829,32.5,DISCHARGING,48,,
1786757688447,-1705312,3829,32.5,DISCHARGING,48,,
1786757690541,-1472500,3829,32.5,DISCHARGING,48,,
1786757692577,-1269062,3829,32.5,DISCHARGING,48,,
1786757694698,-1308750,3829,32.5,DISCHARGING,48,,
1786757696796,-1407500,3829,32.5,DISCHARGING,48,,
1786757698866,-1500937,3828,32.4,DISCHARGING,47,,
1786757700912,-2246562,3828,32.4,DISCHARGING,47,,
1786757703057,-1131250,3828,32.4,DISCHARGING,47,,
1786757705198,-1471875,3828,32.4,DISCHARGING,47,,
1786757707341,-1265000,3828,32.4,DISCHARGING,47,,
1786757709477,-1534687,3828,32.4,DISCHARGING,47,,
1786757711620,-1319062,3828,32.4,DISCHARGING,47,,
1786757713743,-1206250,3828,32.4,DISCHARGING,47,,
1786757715846,-1194687,3828,32.4,DISCHARGING,47,,
1786757717998,-1335312,3828,32.4,DISCHARGING,47,,
1786757720151,-1159375,3828,32.4,DISCHARGING,47,,
1786757722298,-1415312,3828,32.4,DISCHARGING,47,,
1786757724422,-1326875,3828,32.4,DISCHARGING,47,,
1786757726588,-1391562,3828,32.4,DISCHARGING,47,,
1786757728660,-1314375,3828,32.4,DISCHARGING,47,,
1786757730810,-1065937,3828,32.4,DISCHARGING,47,,
1786757732924,-1159375,3828,32.4,DISCHARGING,47,,
1786757735065,-1190625,3828,32.4,DISCHARGING,47,,
1786757737212,-1193437,3828,32.4,DISCHARGING,47,,
1786757739329,-1646875,3828,32.4,DISCHARGING,47,,
1786757741466,-1259687,3828,32.4,DISCHARGING,47,,
1786757743618,-1137812,3828,32.4,DISCHARGING,47,,
1786757745737,-1261250,3828,32.4,DISCHARGING,47,,
1786757747885,-1189687,3828,32.4,DISCHARGING,47,,
1786757750014,-1272500,3828,32.4,DISCHARGING,47,,
1786757752084,-1217812,3828,32.4,DISCHARGING,47,,
1786757754232,-1345312,3828,32.4,DISCHARGING,47,,
1786757756385,-1373437,3828,32.4,DISCHARGING,47,,
1786757758553,-1225312,3828,32.4,DISCHARGING,47,,
1786757760733,-1606875,3828,32.4,DISCHARGING,47,,
1786757762886,-1239375,3828,32.4,DISCHARGING,47,,
1786757765034,-1385000,3828,32.4,DISCHARGING,47,,
1786757767162,-1370625,3828,32.4,DISCHARGING,47,,
1786757769306,-1276250,3828,32.4,DISCHARGING,47,,
1786757771447,-1116250,3828,32.4,DISCHARGING,47,,
1786757773587,-1303437,3828,32.4,DISCHARGING,47,,
1786757775834,-1400937,3828,32.4,DISCHARGING,47,,
1786757777968,-1234375,3828,32.4,DISCHARGING,47,,
1786757780122,-1224687,3828,32.4,DISCHARGING,47,,
1786757782284,-1403125,3828,32.4,DISCHARGING,47,,
1786757784442,-1175312,3828,32.4,DISCHARGING,47,,
1786757786578,-1028750,3828,32.4,DISCHARGING,47,,
1786757788714,-1427500,3828,32.4,DISCHARGING,47,,
1786757790868,-1354687,3828,32.4,DISCHARGING,47,,
1786757793012,-1122812,3828,32.4,DISCHARGING,47,,
1786757795148,-1275312,3828,32.4,DISCHARGING,47,,
1786757797331,-1342187,3828,32.4,DISCHARGING,47,,
1786757799473,-1351562,3828,32.4,DISCHARGING,47,,
1786757801578,-1198437,3828,32.4,DISCHARGING,47,,
1786757803733,-1300937,3828,32.4,DISCHARGING,47,,
1786757805880,-1185625,3828,32.4,DISCHARGING,47,,
1786757808018,-985937,3828,32.4,DISCHARGING,47,,
1786757810152,-1423125,3828,32.4,DISCHARGING,47,,
1786757812279,-1439375,3828,32.4,DISCHARGING,47,,
1786757814375,-1317812,3828,32.4,DISCHARGING,47,,
1786757816528,-1366875,3828,32.4,DISCHARGING,47,,
1786757818697,-1301562,3828,32.4,DISCHARGING,47,,
1786757820835,-1183750,3828,32.4,DISCHARGING,47,,
1786757822977,-1203750,3828,32.4,DISCHARGING,47,,
1786757825122,-1283125,3828,32.4,DISCHARGING,47,,
1786757827256,-1235625,3828,32.4,DISCHARGING,47,,
1786757829375,-1317812,3828,32.4,DISCHARGING,47,,
1786757831516,-1301562,3828,32.4,DISCHARGING,47,,
1786757833659,-1180625,3828,32.4,DISCHARGING,47,,
1786757835793,-1338125,3828,32.4,DISCHARGING,47,,
1786757837969,-1421875,3828,32.4,DISCHARGING,47,,
1786757840124,-1180937,3828,32.4,DISCHARGING,47,,
1786757842296,-1362812,3828,32.4,DISCHARGING,47,,
1786757844424,-1169687,3828,32.4,DISCHARGING,47,,
1786757846542,-1189687,3828,32.4,DISCHARGING,47,,
1786757848719,-1257812,3828,32.4,DISCHARGING,47,,
1786757850855,-1251875,3828,32.4,DISCHARGING,47,,
1786757852986,-1241562,3828,32.4,DISCHARGING,47,,
1786757855149,-1443437,3828,32.4,DISCHARGING,47,,
1786757857286,-1353125,3828,32.4,DISCHARGING,47,,
1786757859426,-1211875,3828,32.4,DISCHARGING,47,,
1786757861540,-1410937,3828,32.4,DISCHARGING,47,,
1786757863633,-1229062,3828,32.4,DISCHARGING,47,,
1786757865794,-1338125,3828,32.4,DISCHARGING,47,,
1786757867922,-1514687,3828,32.4,DISCHARGING,47,,
1786757870147,-1263750,3828,32.4,DISCHARGING,47,,
1786757872287,-1276250,3828,32.4,DISCHARGING,47,,
1786757874476,-1446250,3828,32.4,DISCHARGING,47,,
1786757876608,-1324687,3828,32.4,DISCHARGING,47,,
1786757878762,-1262500,3828,32.4,DISCHARGING,47,,
1786757880918,-1182812,3828,32.4,DISCHARGING,47,,
1786757883078,-1260000,3828,32.4,DISCHARGING,47,,
1786757885225,-1226875,3828,32.4,DISCHARGING,47,,
1786757887387,-1152500,3828,32.4,DISCHARGING,47,,
1786757889553,-949687,3828,32.4,DISCHARGING,47,,
1786757891682,-1449375,3828,32.4,DISCHARGING,47,,
1786757893843,-1385312,3828,32.4,DISCHARGING,47,,
1786757895988,-920000,3828,32.4,DISCHARGING,47,,
1786757898165,-1340625,3828,32.4,DISCHARGING,47,,
1786757900323,-1349375,3828,32.4,DISCHARGING,47,,
1786757902488,-1182187,3828,32.4,DISCHARGING,47,,
1786757904642,-1203750,3828,32.4,DISCHARGING,47,,
1786757906790,-1381250,3828,32.4,DISCHARGING,47,,
1786757908935,-1160000,3828,32.4,DISCHARGING,47,,
1786757911102,-881562,3828,32.4,DISCHARGING,47,,
1786757913251,-1323125,3828,32.4,DISCHARGING,47,,
1786757915406,-1299375,3828,32.4,DISCHARGING,47,,
1786757917556,-1336562,3828,32.4,DISCHARGING,47,,
1786757919711,-1333750,3828,32.4,DISCHARGING,47,,
1786757921829,-1359062,3828,32.4,DISCHARGING,47,,
1786757923998,-904062,3828,32.4,DISCHARGING,47,,
1786757926115,-1482187,3828,32.4,DISCHARGING,47,,
1786757928294,-1227812,3828,32.4,DISCHARGING,47,,
1786757930450,-1085625,3828,32.4,DISCHARGING,47,,
1786757932906,-1031562,3828,32.4,DISCHARGING,47,,
1786757935063,-1175000,3828,32.4,DISCHARGING,47,,
1786757937205,-1344375,3828,32.4,DISCHARGING,47,,
1786757939377,-1253437,3828,32.4,DISCHARGING,47,,
1786757941516,-1279375,3828,32.4,DISCHARGING,47,,
1786757943595,-1245937,3828,32.4,DISCHARGING,47,,
1786757945754,-1215000,3828,32.4,DISCHARGING,47,,
1786757947915,-1423750,3828,32.4,DISCHARGING,47,,
1786757950046,-1360000,3828,32.4,DISCHARGING,47,,
1786757952212,-1179375,3828,32.4,DISCHARGING,47,,
1786757954335,-1179062,3828,32.4,DISCHARGING,47,,
1786757956493,-1180625,3828,32.4,DISCHARGING,47,,
1786757958632,-1397187,3828,32.4,DISCHARGING,47,,
1786757960815,-1364687,3828,32.4,DISCHARGING,47,,
1786757962971,-1054687,3828,32.4,DISCHARGING,47,,
1786757965137,-1385937,3828,32.4,DISCHARGING,47,,
1786757967267,-1367812,3828,32.4,DISCHARGING,47,,
1786757969390,-1345625,3828,32.4,DISCHARGING,47,,
1786757971544,-1102812,3828,32.4,DISCHARGING,47,,
1786757973703,-1269062,3828,32.4,DISCHARGING,47,,
1786757975860,-1194687,3828,32.4,DISCHARGING,47,,
1786757977991,-1301250,3828,32.4,DISCHARGING,47,,
1786757980149,-1223750,3828,32.4,DISCHARGING,47,,
1786757982275,-2389687,3828,32.4,DISCHARGING,47,,
1786757984441,-722187,3828,32.4,DISCHARGING,47,,
1786757987364,-729687,3845,30.9,DISCHARGING,47,,
1786757990245,-580625,3845,30.9,DISCHARGING,47,,
1786757993246,-605000,3845,30.9,DISCHARGING,47,,
1786757996267,-578750,3845,30.9,DISCHARGING,47,,
1786757999221,-841250,3845,30.9,DISCHARGING,47,,
1786758002134,-629062,3845,30.9,DISCHARGING,47,,
1786758005080,-449375,3845,30.9,DISCHARGING,47,,
1786758008113,-615937,3845,30.9,DISCHARGING,47,,
1786758011128,-620000,3845,30.9,DISCHARGING,47,,
1786758014084,-335937,3845,30.9,DISCHARGING,47,,
1786758017065,-510937,3845,30.9,DISCHARGING,47,,
1786758020071,-528437,3845,30.9,DISCHARGING,47,,
1786758023016,-554687,3845,30.9,DISCHARGING,47,,
1786758026010,-598750,3845,30.9,DISCHARGING,47,,
1786758028953,-652187,3845,30.9,DISCHARGING,47,,
1786758031881,-535312,3845,30.9,DISCHARGING,47,,
1786758034840,-622500,3845,30.9,DISCHARGING,47,,
1786758037791,-556875,3845,30.9,DISCHARGING,47,,
1786758040887,-521875,3845,30.9,DISCHARGING,47,,
1786758043783,-520000,3845,30.9,DISCHARGING,47,,
1786758046802,-578437,3845,30.9,DISCHARGING,47,,
1786758049791,-590312,3845,30.9,DISCHARGING,47,,
1786758052711,-616562,3845,30.9,DISCHARGING,47,,
1786758055577,-628750,3845,30.9,DISCHARGING,47,,
1786758058541,-607187,3845,30.9,DISCHARGING,47,,
1786758061445,-599375,3845,30.9,DISCHARGING,47,,
1786758064428,-530625,3845,30.9,DISCHARGING,47,,
1786758067323,-635625,3845,30.9,DISCHARGING,47,,
1786758070187,-579687,3845,30.9,DISCHARGING,47,,
1786758073132,-583125,3845,30.9,DISCHARGING,47,,
1786758076122,-593437,3845,30.9,DISCHARGING,47,,
1786758078972,-590625,3845,30.9,DISCHARGING,47,,
1786758081972,-962812,3845,30.9,DISCHARGING,47,,
1786758084899,-580312,3845,30.9,DISCHARGING,47,,
1786758087760,-655000,3845,30.9,DISCHARGING,47,,
1786758090720,-602812,3845,30.9,DISCHARGING,47,,
1786758093526,-1461562,3802,30.5,DISCHARGING,46,,
1786758095472,-1189375,3802,30.5,DISCHARGING,46,,
1786758097630,-1465625,3802,30.5,DISCHARGING,46,,
1786758099748,-1387187,3802,30.5,DISCHARGING,46,,
1786758101876,-1472812,3802,30.5,DISCHARGING,46,,
1786758104036,-1305312,3802,30.5,DISCHARGING,46,,
1786758106199,-1172187,3802,30.5,DISCHARGING,46,,
1786758108349,-1192187,3802,30.5,DISCHARGING,46,,
1786758110467,-1255625,3802,30.5,DISCHARGING,46,,
1786758112623,-1642500,3802,30.5,DISCHARGING,46,,
1786758114782,-1101562,3802,30.5,DISCHARGING,46,,
1786758116927,-862187,3802,30.5,DISCHARGING,46,,
1786758119054,-1205937,3802,30.5,DISCHARGING,46,,
1786758121121,-1148437,3802,30.5,DISCHARGING,46,,
1786758123257,-1576250,3802,30.5,DISCHARGING,46,,
1786758125381,-1270625,3802,30.5,DISCHARGING,46,,
1786758127527,-1348437,3802,30.5,DISCHARGING,46,,
1786758129690,-1032812,3802,30.5,DISCHARGING,46,,
1786758131849,-1128125,3802,30.5,DISCHARGING,46,,
1786758133990,-1334062,3802,30.5,DISCHARGING,46,,
1786758136146,-1243125,3802,30.5,DISCHARGING,46,,
1786758138269,-1728750,3802,30.5,DISCHARGING,46,,
1786758140401,-1361562,3802,30.5,DISCHARGING,46,,
1786758142557,-1379062,3802,30.5,DISCHARGING,46,,
1786758144700,-1282187,3802,30.5,DISCHARGING,46,,
1786758146839,-1324687,3802,30.5,DISCHARGING,46,,
1786758149010,-1283750,3802,30.5,DISCHARGING,46,,
1786758151147,-1374687,3802,30.5,DISCHARGING,46,,
1786758153222,-1179375,3802,30.5,DISCHARGING,46,,
1786758155363,-1438750,3802,30.5,DISCHARGING,46,,
1786758157538,-1313750,3802,30.5,DISCHARGING,46,,
1786758159652,-1351250,3802,30.5,DISCHARGING,46,,
1786758161821,-1343750,3802,30.5,DISCHARGING,46,,
1786758163985,-1176562,3802,30.5,DISCHARGING,46,,
1786758166128,-1295937,3802,30.5,DISCHARGING,46,,
1786758168253,-1324062,3802,30.5,DISCHARGING,46,,
1786758170422,-1442187,3802,30.5,DISCHARGING,46,,
1786758172584,-1430312,3802,30.5,DISCHARGING,46,,
1786758174732,-1693750,3802,30.5,DISCHARGING,46,,
1786758176897,-1354375,3802,30.5,DISCHARGING,46,,
1786758179060,-1291250,3802,30.5,DISCHARGING,46,,
1786758181207,-1221562,3802,30.5,DISCHARGING,46,,
1786758183356,-1315937,3802,30.5,DISCHARGING,46,,
1786758185489,-1431250,3802,30.5,DISCHARGING,46,,
1786758187636,-1365625,3802,30.5,DISCHARGING,46,,
1786758189773,-1254375,3802,30.5,DISCHARGING,46,,
1786758191916,-1043437,3802,30.5,DISCHARGING,46,,
1786758194070,-1258125,3802,30.5,DISCHARGING,46,,
1786758196212,-1353437,3802,30.5,DISCHARGING,46,,
1786758198311,-1219687,3802,30.5,DISCHARGING,46,,
1786758200425,-1249375,3802,30.5,DISCHARGING,46,,
1786758202580,-1322500,3802,30.5,DISCHARGING,46,,
1786758204742,-1081562,3802,30.5,DISCHARGING,46,,
1786758206886,-971562,3802,30.5,DISCHARGING,46,,
1786758209018,-1418750,3802,30.5,DISCHARGING,46,,
1786758211156,-1291562,3802,30.5,DISCHARGING,46,,
1786758213271,-1370625,3802,30.5,DISCHARGING,46,,
1786758215423,-1186875,3802,30.5,DISCHARGING,46,,
1786758217556,-1183437,3802,30.5,DISCHARGING,46,,
1786758219721,-1247812,3802,30.5,DISCHARGING,46,,
1786758221869,-1220937,3802,30.5,DISCHARGING,46,,
1786758224007,-1326250,3802,30.5,DISCHARGING,46,,
1786758226132,-1249687,3802,30.5,DISCHARGING,46,,
1786758228269,-1246562,3802,30.5,DISCHARGING,46,,
1786758230427,-795000,3802,30.5,DISCHARGING,46,,
1786758232592,-1328750,3802,30.5,DISCHARGING,46,,
1786758234758,-987812,3802,30.5,DISCHARGING,46,,
1786758236910,-1336250,3802,30.5,DISCHARGING,46,,
1786758239061,-1280000,3802,30.5,DISCHARGING,46,,
1786758241217,-1391875,3802,30.5,DISCHARGING,46,,
1786758243380,-1389062,3802,30.5,DISCHARGING,46,,
1786758245543,-1068750,3802,30.5,DISCHARGING,46,,
1786758247688,-1468125,3802,30.5,DISCHARGING,46,,
1786758249842,-1301875,3802,30.5,DISCHARGING,46,,
1786758251984,-1078125,3802,30.5,DISCHARGING,46,,
1786758254137,-1108750,3802,30.5,DISCHARGING,46,,
1786758256286,-1340000,3802,30.5,DISCHARGING,46,,
1786758258445,-1291875,3802,30.5,DISCHARGING,46,,
1786758260594,-1358125,3802,30.5,DISCHARGING,46,,
1786758262772,-1070625,3802,30.5,DISCHARGING,46,,
1786758264888,-1386562,3802,30.5,DISCHARGING,46,,
1786758267052,-1364687,3802,30.5,DISCHARGING,46,,
1786758269200,-1062500,3802,30.5,DISCHARGING,46,,
1786758271324,-1239687,3802,30.5,DISCHARGING,46,,
1786758273458,-1186875,3802,30.5,DISCHARGING,46,,
1786758275607,-1232187,3842,30.8,DISCHARGING,46,,
1786758277768,-1303125,3842,30.8,DISCHARGING,46,,
1786758279932,-1057500,3842,30.8,DISCHARGING,46,,
1786758282055,-1065625,3842,30.8,DISCHARGING,46,,
1786758284173,-1465000,3842,30.8,DISCHARGING,46,,
1786758286377,-2429687,3842,30.8,DISCHARGING,46,,
1786758288509,-1187500,3842,30.8,DISCHARGING,46,,
1786758291229,-919062,3842,30.8,DISCHARGING,46,,
1786758293929,-1007187,3842,30.8,DISCHARGING,46,,
1786758296738,-722500,3842,30.8,DISCHARGING,46,,
1786758299490,-956875,3842,30.8,DISCHARGING,46,,
1786758302199,-674375,3842,30.8,DISCHARGING,46,,
1786758305481,-525312,3842,30.8,DISCHARGING,46,,
1786758308426,-644375,3842,30.8,DISCHARGING,46,,
1786758311337,-710312,3842,30.8,DISCHARGING,46,,
1786758314196,-675312,3842,30.8,DISCHARGING,46,,
1786758317028,-757812,3842,30.8,DISCHARGING,46,,
1786758320105,-622812,3842,30.8,DISCHARGING,46,,
1786758323117,-572812,3842,30.8,DISCHARGING,46,,
1786758326189,-725312,3842,30.8,DISCHARGING,46,,
1786758329158,-412500,3842,30.8,DISCHARGING,46,,
1786758332174,-682500,3842,30.8,DISCHARGING,46,,
1786758335157,-609062,3842,30.8,DISCHARGING,46,,
1786758338066,-644687,3842,30.8,DISCHARGING,46,,
1786758340969,-564062,3842,30.8,DISCHARGING,46,,
1786758343944,-607812,3842,30.8,DISCHARGING,46,,
1786758346980,-579062,3842,30.8,DISCHARGING,46,,
1786758349933,-574687,3842,30.8,DISCHARGING,46,,
1786758352963,-353437,3842,30.8,DISCHARGING,46,,
1786758356124,-650625,3842,30.8,DISCHARGING,46,,
1786758359142,-630937,3842,30.8,DISCHARGING,46,,
1786758361747,-817187,3842,30.8,DISCHARGING,46,,
1786758364556,-635000,3842,30.8,DISCHARGING,46,,
1786758367371,-602500,3842,30.8,DISCHARGING,46,,
1786758370182,-738437,3842,30.8,DISCHARGING,46,,
1786758372957,-460937,3842,30.8,DISCHARGING,46,,
1786758375980,-712812,3842,30.8,DISCHARGING,46,,
1786758378784,-592500,3842,30.8,DISCHARGING,46,,
1786758381662,-722187,3842,30.8,DISCHARGING,46,,
1786758384667,-510937,3842,30.8,DISCHARGING,46,,
1786758387606,-682812,3842,30.8,DISCHARGING,46,,
1786758390554,-396875,3842,30.8,DISCHARGING,46,,
1786758393517,-519062,3842,30.8,DISCHARGING,46,,
1786758396388,-213437,3842,30.8,DISCHARGING,46,,
1786758399499,-743125,3842,30.8,DISCHARGING,46,,
1786758402493,-377187,3842,30.8,DISCHARGING,46,,
1786758405472,-635937,3842,30.8,DISCHARGING,46,,
1786758408473,-670000,3842,30.8,DISCHARGING,46,,
1786758411484,-660625,3842,30.8,DISCHARGING,46,,
1786758414510,-474687,3842,30.8,DISCHARGING,46,,
1786758417450,-653125,3842,30.8,DISCHARGING,46,,
1786758420334,-598750,3842,30.8,DISCHARGING,46,,
1786758423314,-492812,3842,30.8,DISCHARGING,46,,
1786758426301,-681250,3842,30.8,DISCHARGING,46,,
1786758429329,-557187,3842,30.8,DISCHARGING,46,,
1786758432266,-584062,3842,30.8,DISCHARGING,46,,
1786758435174,-603437,3842,30.8,DISCHARGING,46,,
1786758438058,-530937,3842,30.8,DISCHARGING,46,,
1786758441122,-688750,3842,30.8,DISCHARGING,46,,
1786758444096,-590312,3842,30.8,DISCHARGING,46,,
1786758446974,-643125,3842,30.8,DISCHARGING,46,,
1786758449920,-516250,3842,30.8,DISCHARGING,46,,
1786758452871,-635312,3842,30.8,DISCHARGING,46,,
1786758455797,-594062,3842,30.8,DISCHARGING,46,,
1786758458807,-556875,3842,30.8,DISCHARGING,46,,
1786758461850,-485000,3842,30.8,DISCHARGING,46,,
1786758464778,-526562,3842,30.8,DISCHARGING,46,,
1786758467748,-671875,3842,30.8,DISCHARGING,46,,
1786758470710,-549062,3842,30.8,DISCHARGING,46,,
1786758473729,-662500,3842,30.8,DISCHARGING,46,,
1786758476656,-605000,3842,30.8,DISCHARGING,46,,
1786758479625,-613750,3842,30.8,DISCHARGING,46,,
1786758482564,-544687,3842,30.8,DISCHARGING,46,,
1786758485548,-317812,3842,30.8,DISCHARGING,46,,
1786758488505,-668437,3842,30.8,DISCHARGING,46,,
1786758491546,-650937,3842,30.8,DISCHARGING,46,,
1786758494580,-497812,3842,30.8,DISCHARGING,46,,
1786758497596,-432812,3842,30.8,DISCHARGING,46,,
1786758500562,-520312,3842,30.8,DISCHARGING,46,,
1786758503573,-646562,3842,30.8,DISCHARGING,46,,
1786758506526,-567500,3842,30.8,DISCHARGING,46,,
1786758509707,-544687,3842,30.8,DISCHARGING,46,,
1786758512645,-556250,3842,30.8,DISCHARGING,46,,
1786758515601,-430625,3842,30.8,DISCHARGING,46,,
1786758518625,-422500,3842,30.8,DISCHARGING,46,,
1786758521581,-642187,3842,30.8,DISCHARGING,46,,
1786758524349,-572500,3842,30.8,DISCHARGING,46,,
1786758527245,-390312,3842,30.8,DISCHARGING,46,,
1786758530245,-720937,3842,30.8,DISCHARGING,46,,
1786758533248,-565000,3842,30.8,DISCHARGING,46,,
1786758536204,-600312,3842,30.8,DISCHARGING,46,,
1786758539160,-426250,3842,30.8,DISCHARGING,46,,
1786758542051,-443125,3842,30.8,DISCHARGING,46,,
1786758545027,-572812,3842,30.8,DISCHARGING,46,,
1786758547909,-695312,3842,30.8,DISCHARGING,46,,
1786758550724,-591250,3842,30.8,DISCHARGING,46,,
1786758553708,-605625,3842,30.8,DISCHARGING,46,,
1786758556752,-673437,3842,30.8,DISCHARGING,46,,
1786758559824,-513437,3842,30.8,DISCHARGING,46,,
1786758562787,-638125,3842,30.8,DISCHARGING,46,,
1786758565858,-497187,3842,30.8,DISCHARGING,46,,
1786758568859,-651875,3842,30.8,DISCHARGING,46,,
1786758571815,-629375,3842,30.8,DISCHARGING,46,,
1786758574717,-672187,3842,30.8,DISCHARGING,46,,
1786758577773,-411250,3842,30.8,DISCHARGING,46,,
1786758580680,-639375,3842,30.8,DISCHARGING,46,,
1786758583520,-528437,3842,30.8,DISCHARGING,46,,
1786758586391,-565937,3842,30.8,DISCHARGING,46,,
1786758589372,-599375,3842,30.8,DISCHARGING,46,,
1786758592348,-577500,3842,30.8,DISCHARGING,46,,
1786758595387,-540625,3842,30.8,DISCHARGING,46,,
1786758598356,-538437,3842,30.8,DISCHARGING,46,,
1786758601198,-557812,3842,30.8,DISCHARGING,46,,
1786758604190,-1430625,3819,29.2,DISCHARGING,45,,
1786758606934,-628750,3819,29.2,DISCHARGING,45,,
1786758609922,-496250,3819,29.2,DISCHARGING,45,,
1786758612824,-718750,3819,29.2,DISCHARGING,45,,
1786758615632,-668437,3819,29.2,DISCHARGING,45,,
1786758618606,-630312,3819,29.2,DISCHARGING,45,,
1786758621647,-583437,3819,29.2,DISCHARGING,45,,
1786758624543,-673437,3819,29.2,DISCHARGING,45,,
1786758627542,-639687,3819,29.2,DISCHARGING,45,,
1786758630581,-542187,3819,29.2,DISCHARGING,45,,
1786758633574,-287187,3819,29.2,DISCHARGING,45,,
1786758636705,-694687,3819,29.2,DISCHARGING,45,,
1786758639699,-539062,3819,29.2,DISCHARGING,45,,
1786758642715,-640625,3819,29.2,DISCHARGING,45,,
1786758645678,-513125,3819,29.2,DISCHARGING,45,,
1786758648666,-634375,3819,29.2,DISCHARGING,45,,
1786758651726,-586875,3819,29.2,DISCHARGING,45,,
1786758654643,-662187,3819,29.2,DISCHARGING,45,,
1786758657659,-536562,3819,29.2,DISCHARGING,45,,
1786758660633,-670625,3819,29.2,DISCHARGING,45,,
1786758663676,-593125,3819,29.2,DISCHARGING,45,,
1786758666650,-541562,3819,29.2,DISCHARGING,45,,
1786758669596,-500625,3819,29.2,DISCHARGING,45,,
1786758672660,-419062,3819,29.2,DISCHARGING,45,,
1786758675615,-562187,3819,29.2,DISCHARGING,45,,
1786758678538,-630625,3819,29.2,DISCHARGING,45,,
1786758681240,-565000,3819,29.2,DISCHARGING,45,,
1786758684183,-639687,3819,29.2,DISCHARGING,45,,
1786758687128,-556875,3819,29.2,DISCHARGING,45,,
1786758690148,-607812,3819,29.2,DISCHARGING,45,,
1786758693136,-520000,3819,29.2,DISCHARGING,45,,
1786758696088,-538125,3819,29.2,DISCHARGING,45,,
1786758699115,-557812,3819,29.2,DISCHARGING,45,,
1786758702159,-640937,3819,29.2,DISCHARGING,45,,
1786758705128,-533437,3819,29.2,DISCHARGING,45,,
1786758708166,-655937,3819,29.2,DISCHARGING,45,,
1786758711013,-395000,3819,29.2,DISCHARGING,45,,
1786758713979,-465937,3819,29.2,DISCHARGING,45,,
1786758716892,-559687,3819,29.2,DISCHARGING,45,,
1786758719935,-562812,3819,29.2,DISCHARGING,45,,
1786758722764,-549062,3819,29.2,DISCHARGING,45,,
1786758725730,-660937,3819,29.2,DISCHARGING,45,,
1786758728727,-654375,3819,29.2,DISCHARGING,45,,
1786758731752,-558750,3819,29.2,DISCHARGING,45,,
1786758734753,-654687,3819,29.2,DISCHARGING,45,,
1786758737752,-594687,3819,29.2,DISCHARGING,45,,
1786758740781,-606875,3819,29.2,DISCHARGING,45,,
1786758743730,-389375,3819,29.2,DISCHARGING,45,,
1786758746749,-480000,3819,29.2,DISCHARGING,45,,
1786758749726,-519375,3819,29.2,DISCHARGING,45,,
1786758752761,-651875,3819,29.2,DISCHARGING,45,,
1786758755669,-627187,3819,29.2,DISCHARGING,45,,
1786758758621,-693125,3819,29.2,DISCHARGING,45,,
1786758761447,-675625,3819,29.2,DISCHARGING,45,,
1786758764481,-537812,3819,29.2,DISCHARGING,45,,
1786758767408,-663750,3819,29.2,DISCHARGING,45,,
1786758770330,-527812,3819,29.2,DISCHARGING,45,,
1786758773284,-558125,3819,29.2,DISCHARGING,45,,
1786758776322,-852812,3819,29.2,DISCHARGING,45,,
1786758779124,-412500,3819,29.2,DISCHARGING,45,,
1786758781630,-544687,3819,29.2,DISCHARGING,45,,
1786758784672,-656875,3819,29.2,DISCHARGING,45,,
1786758787586,-446250,3819,29.2,DISCHARGING,45,,
1786758790531,-573437,3819,29.2,DISCHARGING,45,,
1786758793500,-653437,3819,29.2,DISCHARGING,45,,
1786758796422,-670937,3819,29.2,DISCHARGING,45,,
1786758799403,-630625,3819,29.2,DISCHARGING,45,,
1786758802385,-440312,3819,29.2,DISCHARGING,45,,
1786758805417,-604687,3819,29.2,DISCHARGING,45,,
1786758808350,-670312,3819,29.2,DISCHARGING,45,,
1786758811358,-599062,3819,29.2,DISCHARGING,45,,
1786758814322,-576250,3819,29.2,DISCHARGING,45,,
1786758817357,-682500,3819,29.2,DISCHARGING,45,,
1786758820326,-544375,3819,29.2,DISCHARGING,45,,
1786758823293,-668750,3819,29.2,DISCHARGING,45,,
1786758826324,-658125,3819,29.2,DISCHARGING,45,,
1786758829356,-659062,3819,29.2,DISCHARGING,45,,
1786758832277,-551562,3819,29.2,DISCHARGING,45,,
1786758835191,-585937,3819,29.2,DISCHARGING,45,,
1786758838177,-484375,3819,29.2,DISCHARGING,45,,
1786758841200,-647812,3819,29.2,DISCHARGING,45,,
1786758844166,-557187,3819,29.2,DISCHARGING,45,,
1786758847141,-573437,3819,29.2,DISCHARGING,45,,
1786758850117,-455937,3819,29.2,DISCHARGING,45,,
1786758853037,-572812,3819,29.2,DISCHARGING,45,,
1786758856059,-553750,3819,29.2,DISCHARGING,45,,
1786758858956,-685625,3819,29.2,DISCHARGING,45,,
1786758862018,-587187,3819,29.2,DISCHARGING,45,,
1786758864938,-611562,3819,29.2,DISCHARGING,45,,
1786758867868,-592500,3819,29.2,DISCHARGING,45,,
1786758870824,-644375,3819,29.2,DISCHARGING,45,,
1786758873761,-502500,3819,29.2,DISCHARGING,45,,
1786758876718,-632812,3819,29.2,DISCHARGING,45,,
1786758879727,-630312,3819,29.2,DISCHARGING,45,,
1786758882675,-2243437,3689,28.3,DISCHARGING,45,,
1786758884631,-1327812,3689,28.3,DISCHARGING,45,,
1786758886717,-1497187,3689,28.3,DISCHARGING,45,,
1786758888821,-1402812,3689,28.3,DISCHARGING,45,,
1786758890974,-1351250,3689,28.3,DISCHARGING,45,,
1786758893059,-1357500,3689,28.3,DISCHARGING,45,,
1786758895186,-1359375,3689,28.3,DISCHARGING,45,,
1786758897352,-1152812,3689,28.3,DISCHARGING,45,,
1786758899439,-1183750,3689,28.3,DISCHARGING,45,,
1786758901536,-1258125,3689,28.3,DISCHARGING,45,,
1786758903683,-1119062,3689,28.3,DISCHARGING,45,,
1786758905865,-1322812,3689,28.3,DISCHARGING,45,,
1786758908035,-1260625,3689,28.3,DISCHARGING,45,,
1786758910173,-1337500,3689,28.3,DISCHARGING,45,,
1786758912348,-1193125,3689,28.3,DISCHARGING,45,,
1786758914516,-1287812,3689,28.3,DISCHARGING,45,,
1786758916680,-1132500,3689,28.3,DISCHARGING,45,,
1786758918849,-920000,3689,28.3,DISCHARGING,45,,
1786758920962,-1391250,3689,28.3,DISCHARGING,45,,
1786758923109,-1376562,3689,28.3,DISCHARGING,45,,
1786758925269,-569375,3689,28.3,DISCHARGING,45,,
1786758927430,-1167187,3689,28.3,DISCHARGING,45,,
1786758929573,-1303125,3689,28.3,DISCHARGING,45,,
1786758931715,-1322812,3689,28.3,DISCHARGING,45,,
1786758933864,-1420625,3689,28.3,DISCHARGING,45,,
1786758935992,-1152500,3689,28.3,DISCHARGING,45,,
1786758938139,-1219062,3689,28.3,DISCHARGING,45,,
1786758940298,-1304375,3689,28.3,DISCHARGING,45,,
1786758942448,-1247500,3689,28.3,DISCHARGING,45,,
1786758944591,-1021250,3689,28.3,DISCHARGING,45,,
1786758946733,-1336250,3689,28.3,DISCHARGING,45,,
1786758948875,-1365000,3689,28.3,DISCHARGING,45,,
1786758951021,-1290000,3689,28.3,DISCHARGING,45,,
1786758953201,-1356875,3689,28.3,DISCHARGING,45,,
1786758955374,-1329375,3689,28.3,DISCHARGING,45,,
1786758957542,-1326250,3689,28.3,DISCHARGING,45,,
1786758959704,-1025625,3689,28.3,DISCHARGING,45,,
1786758961853,-1155625,3689,28.3,DISCHARGING,45,,
1786758963955,-1338437,3689,28.3,DISCHARGING,45,,
1786758966099,-1237500,3689,28.3,DISCHARGING,45,,
1786758968269,-1275000,3689,28.3,DISCHARGING,45,,
1786758970435,-1335625,3689,28.3,DISCHARGING,45,,
1786758972597,-939375,3689,28.3,DISCHARGING,45,,
1786758974731,-1312500,3689,28.3,DISCHARGING,45,,
1786758976908,-1263125,3689,28.3,DISCHARGING,45,,
1786758979002,-1324687,3689,28.3,DISCHARGING,45,,
1786758981126,-1270937,3689,28.3,DISCHARGING,45,,
1786758983278,-1334375,3689,28.3,DISCHARGING,45,,
1786758985411,-1257500,3689,28.3,DISCHARGING,45,,
1786758987569,-1175000,3689,28.3,DISCHARGING,45,,
1786758989703,-1444062,3689,28.3,DISCHARGING,45,,
1786758991855,-1314375,3689,28.3,DISCHARGING,45,,
1786758994006,-1247500,3689,28.3,DISCHARGING,45,,
1786758996136,-1131250,3689,28.3,DISCHARGING,45,,
1786758998272,-1455312,3689,28.3,DISCHARGING,45,,
1786759000457,-753437,3689,28.3,DISCHARGING,45,,
1786759002624,-1372500,3689,28.3,DISCHARGING,45,,
1786759004776,-1307812,3689,28.3,DISCHARGING,45,,
1786759006888,-1168125,3689,28.3,DISCHARGING,45,,
1786759008974,-602187,3689,28.3,DISCHARGING,45,,
1786759011796,-1255000,3834,28.6,DISCHARGING,45,,
1786759014689,-566562,3834,28.6,DISCHARGING,45,,
1786759017747,-653125,3834,28.6,DISCHARGING,45,,
1786759020655,-525312,3834,28.6,DISCHARGING,45,,
1786759023594,-620937,3834,28.6,DISCHARGING,45,,
1786759026684,-648750,3834,28.6,DISCHARGING,45,,
1786759029689,-467812,3834,28.6,DISCHARGING,45,,
1786759032738,-618125,3834,28.6,DISCHARGING,45,,
1786759035654,-687500,3834,28.6,DISCHARGING,45,,
1786759038650,-575312,3834,28.6,DISCHARGING,45,,
1786759041649,-509687,3834,28.6,DISCHARGING,45,,
1786759044596,-532812,3834,28.6,DISCHARGING,45,,
1786759047535,-593125,3834,28.6,DISCHARGING,45,,
1786759050616,-594375,3834,28.6,DISCHARGING,45,,
1786759053546,-834687,3834,28.6,DISCHARGING,45,,
1786759056510,-571250,3834,28.6,DISCHARGING,45,,
1786759059574,-672812,3834,28.6,DISCHARGING,45,,
1786759062523,-530312,3834,28.6,DISCHARGING,45,,
1786759065538,-629062,3834,28.6,DISCHARGING,45,,
1786759068559,-494375,3834,28.6,DISCHARGING,45,,
1786759071561,-594687,3834,28.6,DISCHARGING,45,,
1786759074563,-1419687,3722,28.5,DISCHARGING,45,,
1786759076783,-1381875,3722,28.5,DISCHARGING,45,,
1786759078777,-1407812,3722,28.5,DISCHARGING,45,,
1786759080940,-1229375,3722,28.5,DISCHARGING,45,,
1786759083067,-1590937,3722,28.5,DISCHARGING,45,,
1786759085172,-1525312,3722,28.5,DISCHARGING,45,,
1786759087290,-1331875,3722,28.5,DISCHARGING,45,,
1786759089414,-1253125,3722,28.5,DISCHARGING,45,,
1786759091557,-1345000,3722,28.5,DISCHARGING,45,,
1786759093691,-1323437,3722,28.5,DISCHARGING,45,,
1786759095830,-1330937,3722,28.5,DISCHARGING,45,,
1786759097974,-1312187,3722,28.5,DISCHARGING,45,,
1786759100108,-1432500,3722,28.5,DISCHARGING,45,,
1786759102218,-1211875,3722,28.5,DISCHARGING,45,,
1786759104334,-1305625,3722,28.5,DISCHARGING,45,,
1786759106422,-1297187,3722,28.5,DISCHARGING,45,,
1786759108556,-1128750,3722,28.5,DISCHARGING,45,,
1786759110696,-1266250,3722,28.5,DISCHARGING,45,,
1786759112854,-1492187,3722,28.5,DISCHARGING,45,,
1786759115019,-1301250,3722,28.5,DISCHARGING,45,,
1786759117159,-1381250,3722,28.5,DISCHARGING,45,,
1786759119306,-1189687,3722,28.5,DISCHARGING,45,,
1786759121433,-1227500,3722,28.5,DISCHARGING,45,,
1786759123605,-1341250,3722,28.5,DISCHARGING,45,,
1786759125772,-1211250,3722,28.5,DISCHARGING,45,,
1786759127903,-1090312,3836,29.1,DISCHARGING,44,,
1786759130042,-1395000,3836,29.1,DISCHARGING,44,,
1786759132174,-1330625,3836,29.1,DISCHARGING,44,,
1786759134321,-1276250,3836,29.1,DISCHARGING,44,,
1786759136464,-862187,3836,29.1,DISCHARGING,44,,
1786759138602,-1043437,3836,29.1,DISCHARGING,44,,
1786759140764,-1478437,3836,29.1,DISCHARGING,44,,
1786759142917,-1289375,3836,29.1,DISCHARGING,44,,
1786759145072,-1297187,3836,29.1,DISCHARGING,44,,
1786759147241,-1241562,3836,29.1,DISCHARGING,44,,
1786759149405,-1388437,3836,29.1,DISCHARGING,44,,
1786759151564,-953125,3836,29.1,DISCHARGING,44,,
1786759153728,-1124687,3836,29.1,DISCHARGING,44,,
1786759155864,-1354375,3836,29.1,DISCHARGING,44,,
1786759158009,-1353437,3836,29.1,DISCHARGING,44,,
1786759160152,-1355937,3836,29.1,DISCHARGING,44,,
1786759162296,-1228125,3836,29.1,DISCHARGING,44,,
1786759164444,-1062187,3836,29.1,DISCHARGING,44,,
1786759166587,-1444375,3836,29.1,DISCHARGING,44,,
1786759168744,-1170000,3836,29.1,DISCHARGING,44,,
1786759170912,-1358750,3836,29.1,DISCHARGING,44,,
1786759173065,-1248437,3836,29.1,DISCHARGING,44,,
1786759175200,-1230000,3836,29.1,DISCHARGING,44,,
1786759177376,-1295312,3836,29.1,DISCHARGING,44,,
1786759179515,-1191250,3836,29.1,DISCHARGING,44,,
1786759181668,-1160625,3836,29.1,DISCHARGING,44,,
1786759183797,-1224375,3836,29.1,DISCHARGING,44,,
1786759185935,-1268437,3836,29.1,DISCHARGING,44,,
1786759188105,-1056562,3836,29.1,DISCHARGING,44,,
1786759190272,-1169062,3836,29.1,DISCHARGING,44,,
1786759192426,-1238437,3836,29.1,DISCHARGING,44,,
1786759194571,-1414687,3836,29.1,DISCHARGING,44,,
1786759196695,-1352500,3836,29.1,DISCHARGING,44,,
1786759198832,-1229062,3836,29.1,DISCHARGING,44,,
1786759200953,-1469375,3836,29.1,DISCHARGING,44,,
1786759203046,-1392500,3836,29.1,DISCHARGING,44,,
1786759205026,-1370312,3836,29.1,DISCHARGING,44,,
1786759207145,-1410312,3836,29.1,DISCHARGING,44,,
1786759209273,-1211250,3836,29.1,DISCHARGING,44,,
1786759211425,-1275937,3836,29.1,DISCHARGING,44,,
1786759213569,-1363750,3836,29.1,DISCHARGING,44,,
1786759215724,-1087187,3836,29.1,DISCHARGING,44,,
1786759217868,-988437,3836,29.1,DISCHARGING,44,,
1786759219995,-1431562,3836,29.1,DISCHARGING,44,,
1786759222139,-1298125,3836,29.1,DISCHARGING,44,,
1786759224304,-934687,3836,29.1,DISCHARGING,44,,
1786759226452,-1266250,3836,29.1,DISCHARGING,44,,
1786759228608,-1433125,3836,29.1,DISCHARGING,44,,
1786759230766,-1302187,3836,29.1,DISCHARGING,44,,
1786759232907,-1376250,3836,29.1,DISCHARGING,44,,
1786759235055,-1207500,3836,29.1,DISCHARGING,44,,
1786759237217,-1155625,3836,29.1,DISCHARGING,44,,
1786759239367,-1390000,3836,29.1,DISCHARGING,44,,
1786759241472,-1218750,3836,29.1,DISCHARGING,44,,
1786759243613,-1264687,3836,29.1,DISCHARGING,44,,
1786759245728,-2156562,3695,29.6,DISCHARGING,44,,
1786759248274,-847812,3695,29.6,DISCHARGING,44,,
1786759250981,-711562,3695,29.6,DISCHARGING,44,,
1786759253803,-705000,3695,29.6,DISCHARGING,44,,
1786759256721,-848437,3695,29.6,DISCHARGING,44,,
1786759259410,-735000,3695,29.6,DISCHARGING,44,,
1786759262307,-553750,3695,29.6,DISCHARGING,44,,
1786759265284,-744687,3695,29.6,DISCHARGING,44,,
1786759268283,-740312,3695,29.6,DISCHARGING,44,,
1786759271209,-673750,3695,29.6,DISCHARGING,44,,
1786759274199,-743125,3695,29.6,DISCHARGING,44,,
1786759277074,-784375,3806,30.0,DISCHARGING,44,,
1786759280084,-680312,3806,30.0,DISCHARGING,44,,
1786759283016,-756250,3806,30.0,DISCHARGING,44,,
1786759285998,-612500,3806,30.0,DISCHARGING,44,,
1786759289007,-185625,3806,30.0,DISCHARGING,44,,
1786759292131,-502500,3806,30.0,DISCHARGING,44,,
1786759295131,-593125,3806,30.0,DISCHARGING,44,,
1786759298074,-664375,3806,30.0,DISCHARGING,44,,
1786759300924,-881875,3806,30.0,DISCHARGING,44,,
1786759303803,-675625,3806,30.0,DISCHARGING,44,,
1786759306596,-725312,3806,30.0,DISCHARGING,44,,
1786759309577,-650312,3806,30.0,DISCHARGING,44,,
1786759312459,-749375,3806,30.0,DISCHARGING,44,,
1786759315411,-700625,3806,30.0,DISCHARGING,44,,
1786759318315,-511875,3806,30.0,DISCHARGING,44,,
1786759321175,-591562,3806,30.0,DISCHARGING,44,,
1786759324123,-629375,3806,30.0,DISCHARGING,44,,
1786759327143,-580000,3806,30.0,DISCHARGING,44,,
1786759330158,-660937,3806,30.0,DISCHARGING,44,,
1786759333047,-903125,3806,30.0,DISCHARGING,44,,
1786759336017,-552812,3806,30.0,DISCHARGING,44,,
1786759339016,-671562,3806,30.0,DISCHARGING,44,,
1786759342002,-652500,3806,30.0,DISCHARGING,44,,
1786759344937,-887500,3806,30.0,DISCHARGING,44,,
1786759347887,-767500,3806,30.0,DISCHARGING,44,,
1786759350850,-530000,3806,30.0,DISCHARGING,44,,
1786759353749,-562812,3806,30.0,DISCHARGING,44,,
1786759356675,-660000,3806,30.0,DISCHARGING,44,,
1786759359631,-728125,3806,30.0,DISCHARGING,44,,
1786759362550,-595625,3806,30.0,DISCHARGING,44,,
1786759365375,-568125,3806,30.0,DISCHARGING,44,,
1786759368278,-502500,3806,30.0,DISCHARGING,44,,
1786759371184,-682500,3806,30.0,DISCHARGING,44,,
1786759374137,-664062,3806,30.0,DISCHARGING,44,,
1786759377126,-760312,3806,30.0,DISCHARGING,44,,
1786759380055,-536250,3806,30.0,DISCHARGING,44,,
1786759383081,-594687,3806,30.0,DISCHARGING,44,,
1786759386018,-827500,3806,30.0,DISCHARGING,44,,
1786759388849,-719375,3806,30.0,DISCHARGING,44,,
1786759391850,-636250,3806,30.0,DISCHARGING,44,,
1786759394660,-719062,3806,30.0,DISCHARGING,44,,
1786759397611,-598750,3806,30.0,DISCHARGING,44,,
1786759400522,-640312,3806,30.0,DISCHARGING,44,,
1786759403483,-750937,3806,30.0,DISCHARGING,44,,
1786759406417,-590625,3806,30.0,DISCHARGING,44,,
1786759409392,-665937,3806,30.0,DISCHARGING,44,,
1786759412393,-617500,3806,30.0,DISCHARGING,44,,
1786759415363,-591562,3806,30.0,DISCHARGING,44,,
1786759418370,-705000,3806,30.0,DISCHARGING,44,,
1786759421277,-665312,3806,30.0,DISCHARGING,44,,
1786759424210,-694375,3806,30.0,DISCHARGING,44,,
1786759427187,-672187,3806,30.0,DISCHARGING,44,,
1786759430150,-657812,3806,30.0,DISCHARGING,44,,
1786759433090,-592187,3806,30.0,DISCHARGING,44,,
1786759436082,-536250,3806,30.0,DISCHARGING,44,,
1786759439057,-700312,3806,30.0,DISCHARGING,44,,
1786759441887,-801562,3806,30.0,DISCHARGING,44,,
1786759444865,-589062,3806,30.0,DISCHARGING,44,,
1786759447675,-628437,3806,30.0,DISCHARGING,44,,
1786759450530,-528750,3806,30.0,DISCHARGING,44,,
1786759453446,-742500,3806,30.0,DISCHARGING,44,,
1786759455961,-1278750,3806,30.0,DISCHARGING,44,,
1786759458649,-696875,3806,30.0,DISCHARGING,44,,
1786759461401,-621875,3806,30.0,DISCHARGING,44,,
1786759464248,-552812,3806,30.0,DISCHARGING,44,,
1786759467233,-654062,3806,30.0,DISCHARGING,44,,
1786759470101,-595625,3806,30.0,DISCHARGING,44,,
1786759473083,-720000,3806,30.0,DISCHARGING,44,,
1786759475954,-652187,3806,30.0,DISCHARGING,44,,
1786759478967,-655000,3806,30.0,DISCHARGING,44,,
1786759481856,-728125,3806,30.0,DISCHARGING,44,,
1786759484732,-699687,3806,30.0,DISCHARGING,44,,
1786759487682,-454375,3806,30.0,DISCHARGING,44,,
1786759490523,-767812,3806,30.0,DISCHARGING,44,,
1786759493484,-1275625,3806,30.0,DISCHARGING,44,,
1786759496505,-452500,3806,30.0,DISCHARGING,44,,
1786759499553,-900625,3806,30.0,DISCHARGING,44,,
1786759502427,-658125,3806,30.0,DISCHARGING,44,,
1786759505311,-941562,3806,30.0,DISCHARGING,44,,
1786759508256,-812812,3806,30.0,DISCHARGING,44,,
1786759511297,-568125,3806,30.0,DISCHARGING,44,,
1786759514254,-705937,3806,30.0,DISCHARGING,44,,
1786759517225,-674062,3806,30.0,DISCHARGING,44,,
1786759520179,-611250,3806,30.0,DISCHARGING,44,,
1786759523078,-846250,3806,30.0,DISCHARGING,44,,
1786759526047,-641562,3806,30.0,DISCHARGING,44,,
1786759528972,-618437,3806,30.0,DISCHARGING,44,,
1786759531850,-681562,3806,30.0,DISCHARGING,44,,
1786759534753,-752500,3806,30.0,DISCHARGING,44,,
1786759537682,-675312,3806,30.0,DISCHARGING,44,,
1786759540544,-610312,3806,30.0,DISCHARGING,44,,
1786760085041,-1598125,3778,34.8,DISCHARGING,42,,
1786760087117,-1409062,3778,34.8,DISCHARGING,42,,
1786760089190,-1489375,3778,34.8,DISCHARGING,42,,
1786760091353,-1308750,3778,34.8,DISCHARGING,42,,
1786760093499,-1346250,3778,34.8,DISCHARGING,42,,
1786760095627,-1262187,3778,34.8,DISCHARGING,42,,
1786760097766,-1353437,3778,34.8,DISCHARGING,42,,
1786760099925,-1660000,3778,34.8,DISCHARGING,42,,
1786760102083,-1146875,3778,34.8,DISCHARGING,42,,
1786760104241,-1436250,3778,34.8,DISCHARGING,42,,
1786760106422,-1481250,3778,34.8,DISCHARGING,42,,
1786760108554,-1466250,3778,34.8,DISCHARGING,42,,
1786760110710,-1453437,3778,34.8,DISCHARGING,42,,
1786760112805,-1350312,3778,34.8,DISCHARGING,42,,
1786760114904,-1393125,3778,34.8,DISCHARGING,42,,
1786760117006,-1410625,3778,34.8,DISCHARGING,42,,
1786760119101,-1297500,3778,34.8,DISCHARGING,42,,
1786760121207,-1319687,3778,34.8,DISCHARGING,42,,
1786760123361,-1416562,3778,34.8,DISCHARGING,42,,
1786760125509,-1492187,3778,34.8,DISCHARGING,42,,
1786760127639,-1494375,3778,34.8,DISCHARGING,42,,
1786760129750,-1664062,3778,34.8,DISCHARGING,42,,
1786760131843,-1393125,3778,34.8,DISCHARGING,42,,
1786760134008,-1305937,3778,34.8,DISCHARGING,42,,
1786760136174,-1125625,3778,34.8,DISCHARGING,42,,
1786760138332,-1391250,3778,34.8,DISCHARGING,42,,
1786760140468,-1441250,3778,34.8,DISCHARGING,42,,
1786760142619,-1082500,3778,34.8,DISCHARGING,42,,
1786760144778,-1265312,3778,34.8,DISCHARGING,42,,
1786760146921,-1500625,3817,35.1,DISCHARGING,41,,
1786760149102,-1435625,3817,35.1,DISCHARGING,41,,
1786760151229,-1336875,3817,35.1,DISCHARGING,41,,
1786760153373,-1411562,3817,35.1,DISCHARGING,41,,
1786760155488,-1152812,3817,35.1,DISCHARGING,41,,
1786760157627,-1207187,3817,35.1,DISCHARGING,41,,
1786760159787,-1457812,3817,35.1,DISCHARGING,41,,
1786760161959,-2547812,3817,35.1,DISCHARGING,41,,
1786760164360,-1902812,3817,35.1,DISCHARGING,41,,
1786760166978,-1983125,3817,35.1,DISCHARGING,41,,
1786760169074,-1216562,3817,35.1,DISCHARGING,41,,
1786760171246,-1350625,3817,35.1,DISCHARGING,41,,
1786760173407,-1189687,3817,35.1,DISCHARGING,41,,
1786760175553,-1414687,3817,35.1,DISCHARGING,41,,
1786760177669,-1289062,3817,35.1,DISCHARGING,41,,
1786760179801,-1334687,3817,35.1,DISCHARGING,41,,
1786760181978,-1182500,3817,35.1,DISCHARGING,41,,
1786760184120,-1269687,3817,35.1,DISCHARGING,41,,
1786760186265,-1248750,3817,35.1,DISCHARGING,41,,
1786760188447,-1351250,3817,35.1,DISCHARGING,41,,
1786760190604,-1181250,3817,35.1,DISCHARGING,41,,
1786760192786,-1341562,3817,35.1,DISCHARGING,41,,
1786760194925,-1254062,3817,35.1,DISCHARGING,41,,
1786760197064,-864062,3817,35.1,DISCHARGING,41,,
1786760199236,-1178750,3817,35.1,DISCHARGING,41,,
1786760201362,-977500,3817,35.1,DISCHARGING,41,,
1786760203529,-1214687,3817,35.1,DISCHARGING,41,,
1786760205677,-1338125,3817,35.1,DISCHARGING,41,,
1786760207842,-1903125,3817,35.1,DISCHARGING,41,,
1786760209972,-2275625,3817,35.1,DISCHARGING,41,,
1786760212293,-3894375,3645,34.4,DISCHARGING,41,,
1786760216057,-2885000,3645,34.4,DISCHARGING,41,,
1786760219464,-2694687,3645,34.4,DISCHARGING,41,,
1786760222811,-2188750,3645,34.4,DISCHARGING,41,,
1786760226260,-2161875,3645,34.4,DISCHARGING,41,,
1786760229778,-2494062,3645,34.4,DISCHARGING,41,,
1786760234914,-2095625,3645,34.4,DISCHARGING,41,,
1786760239054,-1837187,3706,34.1,DISCHARGING,41,,
1786760243280,-1537187,3706,34.1,DISCHARGING,41,,
1786760247525,-911875,3706,34.1,DISCHARGING,41,,
1786760249868,-869375,3706,34.1,DISCHARGING,41,,
1786760252074,-772500,3706,34.1,DISCHARGING,41,,
1786760254294,-683750,3706,34.1,DISCHARGING,41,,
1786760256582,-641562,3706,34.1,DISCHARGING,41,,
1786760258795,-700625,3706,34.1,DISCHARGING,41,,
1786760261057,-609062,3706,34.1,DISCHARGING,41,,
1786760263364,-797187,3786,33.6,DISCHARGING,41,,
1786760265612,-654687,3786,33.6,DISCHARGING,41,,
1786760267854,-706875,3811,33.6,DISCHARGING,40,,
1786760270163,-797187,3811,33.6,DISCHARGING,40,,
1786760272365,-1148750,3811,33.6,DISCHARGING,40,,
1786760274536,-1089375,3811,33.6,DISCHARGING,40,,
1786760276679,-986250,3811,33.6,DISCHARGING,40,,
1786760278779,-1101875,3811,33.6,DISCHARGING,40,,
1786760280842,-1066875,3811,33.6,DISCHARGING,40,,
1786760282996,-959375,3811,33.6,DISCHARGING,40,,
1786760285178,-1012187,3811,33.6,DISCHARGING,40,,
1786760287348,-1046875,3811,33.6,DISCHARGING,40,,
1786760289540,-905312,3811,33.6,DISCHARGING,40,,
1786760291716,-896875,3811,33.6,DISCHARGING,40,,
1786760293931,-1375625,3811,33.6,DISCHARGING,40,,
1786760296084,-1334375,3811,33.6,DISCHARGING,40,,
1786760298218,-1184687,3811,33.6,DISCHARGING,40,,
1786760300346,-1227187,3811,33.6,DISCHARGING,40,,
1786760302452,-1182812,3811,33.6,DISCHARGING,40,,
1786760304574,-1025312,3811,33.6,DISCHARGING,40,,
1786760306707,-1416875,3811,33.6,DISCHARGING,40,,
1786760308858,-1383125,3811,33.6,DISCHARGING,40,,
1786760311017,-1361250,3811,33.6,DISCHARGING,40,,
1786760313149,-1343125,3811,33.6,DISCHARGING,40,,
1786760315300,-1275937,3811,33.6,DISCHARGING,40,,
1786760317438,-1185937,3811,33.6,DISCHARGING,40,,
1786760319582,-1421250,3811,33.6,DISCHARGING,40,,
1786760321706,-1434687,3811,33.6,DISCHARGING,40,,
1786760323821,-1297187,3811,33.6,DISCHARGING,40,,
1786760325965,-1052812,3811,33.6,DISCHARGING,40,,
1786760328046,-1268750,3811,33.6,DISCHARGING,40,,
1786760330206,-1210312,3811,33.6,DISCHARGING,40,,
1786760332361,-970937,3811,33.6,DISCHARGING,40,,
1786760334469,-1180000,3811,33.6,DISCHARGING,40,,
1786760336603,-1411875,3811,33.6,DISCHARGING,40,,
1786760338740,-1922812,3811,33.6,DISCHARGING,40,,
1786760340850,-3599375,3628,33.5,DISCHARGING,40,,
1786760344222,-2885000,3628,33.5,DISCHARGING,40,,
1786760347588,-2725000,3628,33.5,DISCHARGING,40,,
1786760351366,-2757187,3628,33.5,DISCHARGING,40,,
1786760355001,-2615937,3628,33.5,DISCHARGING,40,,
1786760358883,-2542500,3628,33.5,DISCHARGING,40,,
1786760362803,-1995937,3628,33.5,DISCHARGING,40,,
1786760366999,-1764687,3694,33.8,DISCHARGING,40,,
1786760371384,-2031875,3694,33.8,DISCHARGING,40,,
1786760375960,-1208750,3694,33.8,DISCHARGING,40,,
1786760379020,-825312,3694,33.8,DISCHARGING,40,,
1786760381262,-753125,3694,33.8,DISCHARGING,40,,
1786760383500,-713125,3694,33.8,DISCHARGING,40,,
1786760385729,-865625,3694,33.8,DISCHARGING,40,,
1786760387945,-799062,3694,33.8,DISCHARGING,40,,
1786760390116,-754062,3768,33.6,DISCHARGING,40,,
1786760392350,-952500,3768,33.6,DISCHARGING,40,,
1786760394550,-985625,3768,33.6,DISCHARGING,40,,
1786760396740,-1585625,3768,33.6,DISCHARGING,40,,
1786760398795,-749062,3768,33.6,DISCHARGING,40,,
1786760401817,-520625,3768,33.6,DISCHARGING,40,,
1786760404635,-622500,3768,33.6,DISCHARGING,40,,
1786760407667,-970625,3768,33.6,DISCHARGING,40,,
1786760410632,-656875,3768,33.6,DISCHARGING,40,,
1786760413457,-686875,3768,33.6,DISCHARGING,40,,
1786760416390,-766875,3768,33.6,DISCHARGING,40,,
1786760419452,-500937,3768,33.6,DISCHARGING,40,,
1786760422454,-662812,3768,33.6,DISCHARGING,40,,
1786760425359,-587187,3768,33.6,DISCHARGING,40,,
1786760428334,-385000,3768,33.6,DISCHARGING,40,,
1786760431322,-637187,3768,33.6,DISCHARGING,40,,
1786760434359,-650625,3768,33.6,DISCHARGING,40,,
1786760437308,-626562,3768,33.6,DISCHARGING,40,,
1786760440282,-689375,3768,33.6,DISCHARGING,40,,
1786760443239,-593750,3768,33.6,DISCHARGING,40,,
1786760446281,-663750,3768,33.6,DISCHARGING,40,,
1786760449208,-695937,3768,33.6,DISCHARGING,40,,
1786760452292,-629687,3768,33.6,DISCHARGING,40,,
1786760455221,-354687,3768,33.6,DISCHARGING,40,,
1786760458088,-573437,3768,33.6,DISCHARGING,40,,
1786760461007,-673750,3768,33.6,DISCHARGING,40,,
1786760463982,-360937,3768,33.6,DISCHARGING,40,,
1786760466998,-475937,3768,33.6,DISCHARGING,40,,
1786760469680,-1085000,3768,33.6,DISCHARGING,40,,
1786760473000,-3064062,3768,33.6,DISCHARGING,40,,
1786760480413,-2949375,3639,33.8,DISCHARGING,40,,
1786760487630,-2121250,3639,33.8,DISCHARGING,40,,
1786760494978,-2515625,3704,33.6,DISCHARGING,39,,
1786760501627,-1150625,3704,33.6,DISCHARGING,39,,
1786760507150,-382187,3704,33.6,DISCHARGING,39,,
1786760510153,-349375,3704,33.6,DISCHARGING,39,,
1786760513256,-355625,3704,33.6,DISCHARGING,39,,
1786760516362,-930937,3704,33.6,DISCHARGING,39,,
1786760519230,-496250,3780,33.2,DISCHARGING,39,,
1786760522142,-548437,3780,33.2,DISCHARGING,39,,
1786760525050,-590937,3780,33.2,DISCHARGING,39,,
1786760528063,-405312,3780,33.2,DISCHARGING,39,,
1786760531363,-583750,3780,33.2,DISCHARGING,39,,
1786760534421,-579687,3780,33.2,DISCHARGING,39,,
1786760537282,-627187,3780,33.2,DISCHARGING,39,,
1786760540372,-503437,3780,33.2,DISCHARGING,39,,
1786760543386,-625625,3780,33.2,DISCHARGING,39,,
1786760546407,-601875,3780,33.2,DISCHARGING,39,,
1786760549257,-617812,3780,33.2,DISCHARGING,39,,
1786760552096,-653750,3780,33.2,DISCHARGING,39,,
1786760555089,-452187,3780,33.2,DISCHARGING,39,,
1786760558027,-532187,3780,33.2,DISCHARGING,39,,
1786760560896,-557187,3780,33.2,DISCHARGING,39,,
1786760563819,-655625,3780,33.2,DISCHARGING,39,,
1786760566849,-664062,3780,33.2,DISCHARGING,39,,
1786760569874,-1772500,3780,33.2,DISCHARGING,39,,
1786760572408,-2967500,3780,33.2,DISCHARGING,39,,
1786760574395,-1378437,3780,33.2,DISCHARGING,39,,
1786760576537,-1548750,3780,33.2,DISCHARGING,39,,
1786760578693,-1447812,3780,33.2,DISCHARGING,39,,
1786760580829,-1505937,3780,33.2,DISCHARGING,39,,
1786760582990,-1497500,3780,33.2,DISCHARGING,39,,
1786760585134,-1500625,3780,33.2,DISCHARGING,39,,
1786760587245,-1393125,3780,33.2,DISCHARGING,39,,
1786760589369,-1385312,3780,33.2,DISCHARGING,39,,
1786760591513,-1312812,3780,33.2,DISCHARGING,39,,
1786760593664,-1110000,3780,33.2,DISCHARGING,39,,
1786760595792,-1161250,3780,33.2,DISCHARGING,39,,
1786760597893,-3261875,3780,33.2,DISCHARGING,39,,
1786760600783,-3831250,3620,33.2,DISCHARGING,39,,
1786760604263,-2870937,3620,33.2,DISCHARGING,39,,
1786760607832,-2703437,3620,33.2,DISCHARGING,39,,
1786760611333,-2209375,3620,33.2,DISCHARGING,39,,
1786760615008,-2086875,3620,33.2,DISCHARGING,39,,
1786760618739,-2482500,3620,33.2,DISCHARGING,39,,
1786760624867,-2112187,3665,33.5,DISCHARGING,39,,
1786760629359,-1977500,3665,33.5,DISCHARGING,39,,
1786760634201,-1271250,3665,33.5,DISCHARGING,39,,
1786760636461,-840937,3665,33.5,DISCHARGING,39,,
1786760638685,-770937,3665,33.5,DISCHARGING,39,,
1786760640938,-691875,3665,33.5,DISCHARGING,39,,
1786760643165,-978750,3786,33.2,DISCHARGING,38,,
1786760645337,-799687,3786,33.2,DISCHARGING,38,,
1786760647509,-723125,3786,33.2,DISCHARGING,38,,
1786760649724,-582187,3786,33.2,DISCHARGING,38,,
1786760651966,-771562,3786,33.2,DISCHARGING,38,,
1786760654200,-867500,3786,33.2,DISCHARGING,38,,
1786760656412,-1024062,3786,33.2,DISCHARGING,38,,
1786760658533,-915625,3786,33.2,DISCHARGING,38,,
1786760660730,-1007812,3786,33.2,DISCHARGING,38,,
1786760662918,-950937,3786,33.2,DISCHARGING,38,,
1786760665102,-982812,3786,33.2,DISCHARGING,38,,
1786760667286,-940625,3786,33.2,DISCHARGING,38,,
1786760669463,-1065312,3786,33.2,DISCHARGING,38,,
1786760671658,-974687,3786,33.2,DISCHARGING,38,,
1786760673857,-929375,3786,33.2,DISCHARGING,38,,
1786760676052,-1436250,3786,33.2,DISCHARGING,38,,
1786760678208,-1287500,3786,33.2,DISCHARGING,38,,
1786760680368,-1210937,3786,33.2,DISCHARGING,38,,
1786760682521,-1373437,3786,33.2,DISCHARGING,38,,
1786760684663,-1362187,3786,33.2,DISCHARGING,38,,
1786760686779,-1376562,3786,33.2,DISCHARGING,38,,
1786760688910,-1488437,3786,33.2,DISCHARGING,38,,
1786760691041,-1144687,3786,33.2,DISCHARGING,38,,
1786760693169,-1456875,3786,33.2,DISCHARGING,38,,
1786760695595,-3364687,3786,33.2,DISCHARGING,38,,
1786760697836,-1397500,3786,33.2,DISCHARGING,38,,
1786760699933,-1368125,3786,33.2,DISCHARGING,38,,
1786760702052,-1494375,3786,33.2,DISCHARGING,38,,
1786760704149,-1489687,3786,33.2,DISCHARGING,38,,
1786760706231,-1280000,3786,33.2,DISCHARGING,38,,
1786760708372,-1406875,3786,33.2,DISCHARGING,38,,
1786760710494,-1288750,3786,33.2,DISCHARGING,38,,
1786760712601,-1367187,3786,33.2,DISCHARGING,38,,
1786760714618,-2255937,3786,33.2,DISCHARGING,38,,
1786760716585,-1535625,3786,33.2,DISCHARGING,38,,
1786760718694,-1026562,3786,33.2,DISCHARGING,38,,
1786760720801,-1425000,3786,33.2,DISCHARGING,38,,
1786760722939,-1522500,3786,33.2,DISCHARGING,38,,
1786760725080,-1999687,3786,33.2,DISCHARGING,38,,
1786760727118,-3568750,3604,33.5,DISCHARGING,38,,
1786760730457,-3553750,3604,33.5,DISCHARGING,38,,
1786760733808,-2672500,3604,33.5,DISCHARGING,38,,
1786760737260,-2635937,3604,33.5,DISCHARGING,38,,
1786760740770,-2658437,3604,33.5,DISCHARGING,38,,
1786760744242,-2466875,3604,33.5,DISCHARGING,38,,
1786760747675,-2625625,3604,33.5,DISCHARGING,38,,
1786760751248,-2305937,3641,33.7,DISCHARGING,38,,
1786760756460,-2008437,3641,33.7,DISCHARGING,38,,
1786760760460,-1681250,3685,33.6,DISCHARGING,37,,
1786760763948,-894062,3685,33.6,DISCHARGING,37,,
1786760766148,-858750,3685,33.6,DISCHARGING,37,,
1786760768367,-678125,3685,33.6,DISCHARGING,37,,
1786760770582,-729687,3685,33.6,DISCHARGING,37,,
1786760772800,-694375,3685,33.6,DISCHARGING,37,,
1786760775004,-786875,3685,33.6,DISCHARGING,37,,
1786760777196,-668750,3685,33.6,DISCHARGING,37,,
1786760779409,-806250,3685,33.6,DISCHARGING,37,,
1786760781647,-958750,3790,33.2,DISCHARGING,37,,
1786760783846,-875937,3790,33.2,DISCHARGING,37,,
1786760786052,-744375,3790,33.2,DISCHARGING,37,,
1786760788274,-744687,3790,33.2,DISCHARGING,37,,
1786760790519,-709687,3790,33.2,DISCHARGING,37,,
1786760792691,-722500,3790,33.2,DISCHARGING,37,,
1786760794893,-865000,3790,33.2,DISCHARGING,37,,
1786760797105,-1062812,3790,33.2,DISCHARGING,37,,
1786760799300,-950937,3790,33.2,DISCHARGING,37,,
1786760801496,-935000,3790,33.2,DISCHARGING,37,,
1786760803658,-1314062,3790,33.2,DISCHARGING,37,,
1786760805802,-1322500,3790,33.2,DISCHARGING,37,,
1786760807946,-1346250,3790,33.2,DISCHARGING,37,,
1786760810113,-1165625,3790,33.2,DISCHARGING,37,,
1786760812249,-1414687,3790,33.2,DISCHARGING,37,,
1786760814391,-1371250,3790,33.2,DISCHARGING,37,,
1786760816556,-617187,3790,33.2,DISCHARGING,37,,
1786760818715,-1340312,3790,33.2,DISCHARGING,37,,
1786760820855,-1317812,3790,33.2,DISCHARGING,37,,
1786760822994,-1362500,3790,33.2,DISCHARGING,37,,
1786760825138,-1341875,3790,33.2,DISCHARGING,37,,
1786760827285,-1325312,3790,33.2,DISCHARGING,37,,
1786760829439,-1193750,3790,33.2,DISCHARGING,37,,
1786760831596,-1380625,3790,33.2,DISCHARGING,37,,
1786760833712,-1387812,3790,33.2,DISCHARGING,37,,
1786760835842,-1422812,3790,33.2,DISCHARGING,37,,
1786760837989,-1491562,3790,33.2,DISCHARGING,37,,
1786760840110,-1221562,3790,33.2,DISCHARGING,37,,
1786760842151,-1371875,3790,33.2,DISCHARGING,37,,
1786760844256,-1396562,3790,33.2,DISCHARGING,37,,
1786760846389,-1456875,3790,33.2,DISCHARGING,37,,
1786760848541,-1192500,3790,33.2,DISCHARGING,37,,
1786760850664,-504687,3790,33.2,DISCHARGING,37,,
1786760852808,-1220937,3790,33.2,DISCHARGING,37,,
1786760854869,-2930312,3615,33.3,DISCHARGING,37,,
1786760860003,-3107812,3615,33.3,DISCHARGING,37,,
1786760865285,-2865312,3615,33.3,DISCHARGING,37,,
1786760870353,-2347812,3615,33.3,DISCHARGING,37,,
1786760876125,-2219062,3615,33.3,DISCHARGING,37,,
1786760880116,-2031875,3615,33.3,DISCHARGING,37,,
1786760885376,-1786562,3670,33.6,DISCHARGING,37,,
1786760890302,-1310312,3670,33.6,DISCHARGING,37,,
1786760894695,-1852187,3670,33.6,DISCHARGING,37,,
1786760898953,-1070937,3670,33.6,DISCHARGING,37,,
1786760901417,-807500,3670,33.6,DISCHARGING,37,,
1786760903665,-769687,3670,33.6,DISCHARGING,37,,
1786760905925,-695312,3772,33.4,DISCHARGING,37,,
1786760908250,-602187,3772,33.4,DISCHARGING,37,,
1786760910598,-651562,3772,33.4,DISCHARGING,37,,
1786760912925,-544062,3772,33.4,DISCHARGING,37,,
1786760915235,-717187,3772,33.4,DISCHARGING,37,,
1786760917464,-625000,3772,33.4,DISCHARGING,37,,
1786760919697,-804375,3787,33.3,DISCHARGING,36,,
1786760921952,-802187,3787,33.3,DISCHARGING,36,,
1786760924193,-665625,3787,33.3,DISCHARGING,36,,
1786760926410,-726562,3787,33.3,DISCHARGING,36,,
1786760928640,-750312,3787,33.3,DISCHARGING,36,,
1786760930928,-816562,3787,33.3,DISCHARGING,36,,
1786760933124,-637500,3787,33.3,DISCHARGING,36,,
1786760935326,-1026250,3787,33.3,DISCHARGING,36,,
1786760937535,-1001562,3787,33.3,DISCHARGING,36,,
1786760939698,-990312,3787,33.3,DISCHARGING,36,,
1786760941863,-895937,3787,33.3,DISCHARGING,36,,
1786760944057,-1144375,3787,33.3,DISCHARGING,36,,
1786760946216,-1488750,3787,33.3,DISCHARGING,36,,
1786760948348,-1302187,3787,33.3,DISCHARGING,36,,
1786760950465,-1234062,3787,33.3,DISCHARGING,36,,
1786760952633,-2447187,3787,33.3,DISCHARGING,36,,
1786760954627,-733750,3787,33.3,DISCHARGING,36,,
1786760957604,-827500,3787,33.3,DISCHARGING,36,,
1786760960456,-616250,3787,33.3,DISCHARGING,36,,
1786760963470,-584687,3787,33.3,DISCHARGING,36,,
1786760966472,-568750,3787,33.3,DISCHARGING,36,,
1786760969351,-684375,3787,33.3,DISCHARGING,36,,
1786760972368,-663750,3787,33.3,DISCHARGING,36,,
1786760975261,-589375,3787,33.3,DISCHARGING,36,,
1786760978213,-677812,3787,33.3,DISCHARGING,36,,
1786760981276,-557812,3787,33.3,DISCHARGING,36,,
1786760984160,-466250,3787,33.3,DISCHARGING,36,,
1786760987177,-371562,3787,33.3,DISCHARGING,36,,
1786760990187,-1132187,3787,33.3,DISCHARGING,36,,
1786760992609,-2965625,3787,33.3,DISCHARGING,36,,
1786760996274,-3026250,3633,33.5,DISCHARGING,36,,
1786760999683,-2485312,3633,33.5,DISCHARGING,36,,
1786761002956,-2481875,3633,33.5,DISCHARGING,36,,
1786761006461,-2404687,3633,33.5,DISCHARGING,36,,
1786761011228,-2567187,3633,33.5,DISCHARGING,36,,
1786761015885,-1877812,3633,33.5,DISCHARGING,36,,
1786761019132,-2230312,3633,33.5,DISCHARGING,36,,
1786761022330,-2130000,3633,33.5,DISCHARGING,36,,
1786761025971,-1824062,3633,33.5,DISCHARGING,36,,
1786761031294,-1689687,3674,33.6,DISCHARGING,36,,
1786761035148,-1501562,3674,33.6,DISCHARGING,36,,
1786761038893,-1448750,3674,33.6,DISCHARGING,36,,
1786761043418,-1565937,3708,33.6,DISCHARGING,35,,
1786761047706,-692187,3708,33.6,DISCHARGING,35,,
1786761050925,-322812,3708,33.6,DISCHARGING,35,,
1786761054208,-319687,3708,33.6,DISCHARGING,35,,
1786761057735,-299687,3708,33.6,DISCHARGING,35,,
1786761061145,-354375,3708,33.6,DISCHARGING,35,,
1786761064600,-500937,3708,33.6,DISCHARGING,35,,
1786761067942,-369062,3779,33.4,DISCHARGING,35,,
1786761071220,-395312,3779,33.4,DISCHARGING,35,,
1786761074256,-360000,3779,33.4,DISCHARGING,35,,
1786761077440,-415937,3779,33.4,DISCHARGING,35,,
1786761080494,-439062,3779,33.4,DISCHARGING,35,,
1786761083567,-613437,3779,33.4,DISCHARGING,35,,
1786761086583,-809687,3779,33.4,DISCHARGING,35,,
1786761089395,-653437,3779,33.4,DISCHARGING,35,,
1786761092404,-680625,3779,33.4,DISCHARGING,35,,
1786761095331,-706250,3779,33.4,DISCHARGING,35,,
1786761098354,-589687,3779,33.4,DISCHARGING,35,,
1786761101334,-905937,3779,33.4,DISCHARGING,35,,
1786761104337,-608750,3779,33.4,DISCHARGING,35,,
1786761107370,-688750,3779,33.4,DISCHARGING,35,,
1786761110206,-723437,3779,33.4,DISCHARGING,35,,
1786761113061,-694062,3779,33.4,DISCHARGING,35,,
1786761115662,-1926875,3668,33.4,DISCHARGING,35,,
1786761117649,-1556562,3668,33.4,DISCHARGING,35,,
1786761119795,-1453750,3668,33.4,DISCHARGING,35,,
1786761121907,-1200312,3668,33.4,DISCHARGING,35,,
1786761124033,-1225625,3668,33.4,DISCHARGING,35,,
1786761126184,-1257812,3668,33.4,DISCHARGING,35,,
1786761128318,-1339062,3668,33.4,DISCHARGING,35,,
1786761130456,-1387500,3668,33.4,DISCHARGING,35,,
1786761132615,-1260000,3668,33.4,DISCHARGING,35,,
1786761134743,-1429062,3668,33.4,DISCHARGING,35,,
1786761136874,-1232187,3668,33.4,DISCHARGING,35,,
1786761138994,-1745625,3668,33.4,DISCHARGING,35,,
1786761141064,-3285312,3594,33.6,DISCHARGING,35,,
1786761144359,-3193125,3594,33.6,DISCHARGING,35,,
1786761149398,-2797812,3594,33.6,DISCHARGING,35,,
1786761157645,-2697500,3594,33.6,DISCHARGING,35,,
1786761163626,-2723125,3594,33.6,DISCHARGING,35,,
1786761168600,-2601875,3594,33.6,DISCHARGING,35,,
1786761172883,-1416250,3665,33.7,DISCHARGING,35,,
1786761179080,-1863437,3665,33.7,DISCHARGING,35,,
1786761184193,-849375,3665,33.7,DISCHARGING,35,,
1786761186586,-798125,3665,33.7,DISCHARGING,35,,
1786761188800,-780000,3665,33.7,DISCHARGING,35,,
1786761191066,-898125,3733,33.5,DISCHARGING,34,,
1786761193259,-563437,3733,33.5,DISCHARGING,34,,
1786761195589,-517500,3733,33.5,DISCHARGING,34,,
1786761197898,-376875,3733,33.5,DISCHARGING,34,,
1786761200261,-655625,3733,33.5,DISCHARGING,34,,
1786761202565,-713437,3733,33.5,DISCHARGING,34,,
1786761204810,-816875,3733,33.5,DISCHARGING,34,,
1786761207061,-956250,3733,33.5,DISCHARGING,34,,
1786761209339,-697500,3733,33.5,DISCHARGING,34,,
1786761211559,-815000,3733,33.5,DISCHARGING,34,,
1786761213797,-676562,3733,33.5,DISCHARGING,34,,
1786761216020,-815000,3779,33.5,DISCHARGING,34,,
1786761218227,-721250,3779,33.5,DISCHARGING,34,,
1786761220303,-825937,3779,33.5,DISCHARGING,34,,
1786761222487,-734687,3779,33.5,DISCHARGING,34,,
1786761224682,-946562,3779,33.5,DISCHARGING,34,,
1786761226850,-837812,3779,33.5,DISCHARGING,34,,
1786761229026,-947500,3779,33.5,DISCHARGING,34,,
1786761231211,-1236875,3779,33.5,DISCHARGING,34,,
1786761233384,-1150312,3779,33.5,DISCHARGING,34,,
1786761235537,-1020000,3779,33.5,DISCHARGING,34,,
1786761237670,-1316875,3779,33.5,DISCHARGING,34,,
1786761240191,-785937,3779,33.5,DISCHARGING,34,,
1786761242966,-730312,3779,33.5,DISCHARGING,34,,
1786761245830,-631562,3779,33.5,DISCHARGING,34,,
1786761248711,-685000,3779,33.5,DISCHARGING,34,,
1786761251690,-609062,3779,33.5,DISCHARGING,34,,
1786761254623,-626250,3779,33.5,DISCHARGING,34,,
1786761257485,-686875,3779,33.5,DISCHARGING,34,,
1786761260497,-227500,3779,33.5,DISCHARGING,34,,
1786761263663,-620937,3779,33.5,DISCHARGING,34,,
1786761266628,-620312,3779,33.5,DISCHARGING,34,,
1786761269623,-678750,3779,33.5,DISCHARGING,34,,
1786761272693,-651250,3779,33.5,DISCHARGING,34,,
1786761275696,-1078125,3779,33.5,DISCHARGING,34,,
1786761278176,-2915000,3779,33.5,DISCHARGING,34,,
1786761281406,-3139687,3779,33.5,DISCHARGING,34,,
1786761285624,-2591562,3607,34.0,DISCHARGING,34,,
1786761289551,-2685937,3607,34.0,DISCHARGING,34,,
1786761294489,-3031250,3607,34.0,DISCHARGING,34,,
1786761298686,-2501875,3607,34.0,DISCHARGING,34,,
1786761302986,-2295312,3607,34.0,DISCHARGING,34,,
1786761306953,-2613437,3607,34.0,DISCHARGING,34,,
1786761310134,-2014687,3654,33.9,DISCHARGING,34,,
1786761314560,-1469375,3654,33.9,DISCHARGING,34,,
1786761318935,-1334687,3654,33.9,DISCHARGING,34,,
1786761325031,-1770000,3654,33.9,DISCHARGING,34,,
1786761328711,-963125,3654,33.9,DISCHARGING,34,,
1786761330981,-719062,3654,33.9,DISCHARGING,34,,
1786761333226,-644687,3764,33.9,DISCHARGING,33,,
1786761335564,-665000,3764,33.9,DISCHARGING,33,,
1786761337838,-403750,3764,33.9,DISCHARGING,33,,
1786761340177,-583437,3764,33.9,DISCHARGING,33,,
1786761342530,-525937,3764,33.9,DISCHARGING,33,,
1786761344844,-599375,3764,33.9,DISCHARGING,33,,
1786761347159,-613125,3764,33.9,DISCHARGING,33,,
1786761349437,-629375,3764,33.9,DISCHARGING,33,,
1786761351740,-648125,3764,33.9,DISCHARGING,33,,
1786761354027,-770000,3764,33.9,DISCHARGING,33,,
1786761356301,-678750,3764,33.9,DISCHARGING,33,,
1786761358551,-741562,3764,33.9,DISCHARGING,33,,
1786761360798,-803437,3764,33.9,DISCHARGING,33,,
1786761363028,-808437,3764,33.9,DISCHARGING,33,,
1786761365232,-719062,3764,33.9,DISCHARGING,33,,
1786761367464,-1095000,3764,33.9,DISCHARGING,33,,
1786761369631,-817812,3764,33.9,DISCHARGING,33,,
1786761371862,-792812,3764,33.9,DISCHARGING,33,,
1786761374068,-890625,3764,33.9,DISCHARGING,33,,
1786761376272,-1032187,3764,33.9,DISCHARGING,33,,
1786761378441,-910000,3764,33.9,DISCHARGING,33,,
1786761380610,-919062,3764,33.9,DISCHARGING,33,,
1786761382768,-1370625,3764,33.9,DISCHARGING,33,,
1786761385017,-1347187,3764,33.9,DISCHARGING,33,,
1786761387172,-840625,3764,33.9,DISCHARGING,33,,
1786761389309,-1317812,3764,33.9,DISCHARGING,33,,
1786761391455,-1278437,3764,33.9,DISCHARGING,33,,
1786761393618,-1404375,3764,33.9,DISCHARGING,33,,
1786761395774,-1375312,3764,33.9,DISCHARGING,33,,
1786761397937,-1178125,3764,33.9,DISCHARGING,33,,
1786761400082,-1433750,3764,33.9,DISCHARGING,33,,
1786761402252,-1465625,3764,33.9,DISCHARGING,33,,
1786761404395,-1034062,3764,33.9,DISCHARGING,33,,
1786761406536,-1284062,3764,33.9,DISCHARGING,33,,
1786761408682,-1325937,3764,33.9,DISCHARGING,33,,
1786761410779,-1242812,3764,33.9,DISCHARGING,33,,
1786761412924,-1348437,3764,33.9,DISCHARGING,33,,
1786761415069,-1300000,3764,33.9,DISCHARGING,33,,
1786761417182,-1390625,3764,33.9,DISCHARGING,33,,
1786761419338,-2223750,3764,33.9,DISCHARGING,33,,
1786761422077,-3778125,3699,34.2,DISCHARGING,33,,
1786761425609,-2974375,3699,34.2,DISCHARGING,33,,
1786761429672,-2855937,3699,34.2,DISCHARGING,33,,
1786761433946,-2811562,3699,34.2,DISCHARGING,33,,
1786761439050,-2145625,3699,34.2,DISCHARGING,33,,
1786761444880,-2819062,3629,34.7,DISCHARGING,33,,
1786761448937,-2192812,3629,34.7,DISCHARGING,33,,
1786761453407,-1727812,3629,34.7,DISCHARGING,33,,
1786761457516,-1550000,3629,34.7,DISCHARGING,33,,
1786761464366,-797187,3629,34.7,DISCHARGING,33,,
1786761466853,-782812,3747,34.6,DISCHARGING,33,,
1786761469163,-656562,3747,34.6,DISCHARGING,33,,
1786761471452,-656875,3747,34.6,DISCHARGING,33,,
1786761473695,-695625,3759,34.4,DISCHARGING,32,,
1786761475938,-695625,3759,34.4,DISCHARGING,32,,
1786761478276,-660625,3759,34.4,DISCHARGING,32,,
1786761480565,-783750,3759,34.4,DISCHARGING,32,,
1786761482826,-699062,3759,34.4,DISCHARGING,32,,
1786761485085,-695312,3759,34.4,DISCHARGING,32,,
1786761487341,-879687,3759,34.4,DISCHARGING,32,,
1786761489597,-710937,3759,34.4,DISCHARGING,32,,
1786761491823,-1283750,3759,34.4,DISCHARGING,32,,
1786761494100,-715000,3759,34.4,DISCHARGING,32,,
1786761496323,-632812,3759,34.4,DISCHARGING,32,,
1786761498569,-726875,3759,34.4,DISCHARGING,32,,
1786761500797,-806562,3759,34.4,DISCHARGING,32,,
1786761503052,-797500,3759,34.4,DISCHARGING,32,,
1786761505268,-667500,3759,34.4,DISCHARGING,32,,
1786761507476,-755312,3759,34.4,DISCHARGING,32,,
1786761509674,-839062,3759,34.4,DISCHARGING,32,,
1786761511873,-1027500,3759,34.4,DISCHARGING,32,,
1786761514059,-802812,3759,34.4,DISCHARGING,32,,
1786761516256,-889687,3759,34.4,DISCHARGING,32,,
1786761518442,-952500,3759,34.4,DISCHARGING,32,,
1786761520600,-1342187,3759,34.4,DISCHARGING,32,,
1786761522714,-1325000,3759,34.4,DISCHARGING,32,,
1786761524896,-1066875,3759,34.4,DISCHARGING,32,,
1786761527040,-1381562,3759,34.4,DISCHARGING,32,,
1786761529192,-1279687,3759,34.4,DISCHARGING,32,,
1786761531357,-638750,3759,34.4,DISCHARGING,32,,
1786761533840,-1338750,3759,34.4,DISCHARGING,32,,
1786761535982,-1368750,3759,34.4,DISCHARGING,32,,
1786761538112,-1435000,3759,34.4,DISCHARGING,32,,
1786761540204,-1362812,3759,34.4,DISCHARGING,32,,
1786761542374,-1273750,3759,34.4,DISCHARGING,32,,
1786761544517,-1284687,3759,34.4,DISCHARGING,32,,
1786761546631,-1130625,3759,34.4,DISCHARGING,32,,
1786761548765,-1082812,3759,34.4,DISCHARGING,32,,
1786761550758,-1245937,3759,34.4,DISCHARGING,32,,
1786761552873,-1297500,3759,34.4,DISCHARGING,32,,
1786761555012,-1284687,3759,34.4,DISCHARGING,32,,
1786761557176,-1050312,3759,34.4,DISCHARGING,32,,
1786761559309,-1065625,3759,34.4,DISCHARGING,32,,
1786761561440,-1521562,3759,34.4,DISCHARGING,32,,
1786761563574,-1320625,3759,34.4,DISCHARGING,32,,
1786761565717,-1396562,3759,34.4,DISCHARGING,32,,
1786761567847,-1269687,3759,34.4,DISCHARGING,32,,
1786761569991,-1240625,3759,34.4,DISCHARGING,32,,
1786761572148,-1401875,3759,34.4,DISCHARGING,32,,
1786761574258,-1560937,3759,34.4,DISCHARGING,32,,
1786761576375,-1394375,3759,34.4,DISCHARGING,32,,
1786761578528,-1301875,3759,34.4,DISCHARGING,32,,
1786761580666,-1279375,3759,34.4,DISCHARGING,32,,
1786761582820,-1190312,3759,34.4,DISCHARGING,32,,
1786761584959,-1223750,3759,34.4,DISCHARGING,32,,
1786761587108,-1477812,3759,34.4,DISCHARGING,32,,
1786761589271,-1438125,3759,34.4,DISCHARGING,32,,
1786761591439,-1619375,3759,34.4,DISCHARGING,32,,
1786761593583,-1346250,3759,34.4,DISCHARGING,32,,
1786761595746,-1354062,3759,34.4,DISCHARGING,32,,
1786761597898,-1284687,3759,34.4,DISCHARGING,32,,
1786761600035,-1453437,3759,34.4,DISCHARGING,32,,
1786761602161,-1161562,3759,34.4,DISCHARGING,32,,
1786761604292,-1179375,3759,34.4,DISCHARGING,32,,
1786761606423,-1543125,3759,34.4,DISCHARGING,32,,
1786761608554,-1463750,3759,34.4,DISCHARGING,32,,
1786761610688,-1342812,3759,34.4,DISCHARGING,32,,
1786761612820,-1496562,3759,34.4,DISCHARGING,32,,
1786761614967,-1336250,3759,34.4,DISCHARGING,32,,
1786761617117,-1357500,3759,34.4,DISCHARGING,32,,
1786761619237,-1345937,3759,34.4,DISCHARGING,32,,
1786761621396,-1259062,3759,34.4,DISCHARGING,32,,
1786761623529,-1365000,3759,34.4,DISCHARGING,32,,
1786761625653,-1376562,3759,34.4,DISCHARGING,32,,
1786761627788,-1267812,3759,34.4,DISCHARGING,32,,
1786761629938,-1267187,3759,34.4,DISCHARGING,32,,
1786761632092,-1478750,3759,34.4,DISCHARGING,32,,
1786761634225,-1340937,3759,34.4,DISCHARGING,32,,
1786761636377,-1359375,3759,34.4,DISCHARGING,32,,
1786761638589,-1311250,3712,34.6,DISCHARGING,32,,
1786761640756,-1378437,3712,34.6,DISCHARGING,32,,
1786761642938,-1102812,3712,34.6,DISCHARGING,32,,
1786761645067,-991875,3712,34.6,DISCHARGING,32,,
1786761647215,-1387187,3712,34.6,DISCHARGING,32,,
1786761649358,-1284375,3712,34.6,DISCHARGING,32,,
1786761651513,-1224062,3712,34.6,DISCHARGING,32,,
1786761653649,-1311562,3712,34.6,DISCHARGING,32,,
1786761655788,-1306562,3712,34.6,DISCHARGING,32,,
1786761657938,-1360000,3712,34.6,DISCHARGING,32,,
1786761659956,-752500,3712,34.6,DISCHARGING,32,,
1786761662765,-691875,3774,34.3,DISCHARGING,32,,
1786761665202,-715312,3774,34.3,DISCHARGING,32,,
1786761668200,-650625,3774,34.3,DISCHARGING,32,,
1786761671252,-711562,3774,34.3,DISCHARGING,32,,
1786761674213,-708437,3774,34.3,DISCHARGING,32,,
